manifest_version	candidate_id	source_event_id	tetrad_id	meiotic_product_ids	chromosome	association_class	direction_evidence	inner_tract_bp	outer_tract_bp	left_outer_bound	right_outer_bound	converted_marker_count	informative_ws_marker_count	s_resolved_marker_count	w_resolved_marker_count	ambiguous_or_non_snv_marker_count	published_validation_evidence	independent_computational_review	raw_read_validation	mendelian_transmission_validation	paralog_segmental_duplication_mask	mapping_rearrangement_copy_qc	de_novo_and_phase_error_qc	manual_blinded_review	analysis_status	direct_rate_inclusion	exclusion_reason	analysis_slurm_job_id
direct-gene-conversion-pilot-v1.0.0	D01_CO_001	CO-1	29	29_1;29_4	Chr1	CROSSOVER_ASSOCIATED	published reciprocal tetrad haplotypes and same-allele converted marker table	50	1338	1557671	1559010	2	0	0	0	0	supplement_1F_COCT_bounds_and_1G_converted_markers	PASS_TABLE_RECONCILIATION_ONLY; marker rows contained within published tract bounds and product/tetrad IDs reconciled	NOT_RUN_FASTQ_BAM_ABSENT	PUBLISHED_ONLY_NOT_RECALLED_FROM_ALL_FOUR_PRODUCTS	NOT_RUN_EXCLUDED_FROM_ALLELIC_ESTIMATE	NOT_RUN_EXCLUDED_FROM_ALLELIC_ESTIMATE	NOT_RUN_EXCLUDED_FROM_ALLELIC_ESTIMATE	NOT_RUN_NO_RAW_EVIDENCE_PACKET	PUBLISHED_DIRECTIONAL_CANDIDATE_NOT_RAW_REVALIDATED	EXCLUDED	NO_RAW_READ_REVALIDATION;NO_PER_TETRAD_CALLABLE_MASK;NO_CANDIDATE_PARALOG_MAPPING_COPY_QC;NO_EMPIRICAL_ERROR_MODEL	1781172
direct-gene-conversion-pilot-v1.0.0	D01_CO_003	CO-3	29	29_2;29_4	Chr1	CROSSOVER_ASSOCIATED	published reciprocal tetrad haplotypes and same-allele converted marker table	1	1497	23497124	23498622	1	0	0	0	0	supplement_1F_COCT_bounds_and_1G_converted_markers	PASS_TABLE_RECONCILIATION_ONLY; marker rows contained within published tract bounds and product/tetrad IDs reconciled	NOT_RUN_FASTQ_BAM_ABSENT	PUBLISHED_ONLY_NOT_RECALLED_FROM_ALL_FOUR_PRODUCTS	NOT_RUN_EXCLUDED_FROM_ALLELIC_ESTIMATE	NOT_RUN_EXCLUDED_FROM_ALLELIC_ESTIMATE	NOT_RUN_EXCLUDED_FROM_ALLELIC_ESTIMATE	NOT_RUN_NO_RAW_EVIDENCE_PACKET	PUBLISHED_DIRECTIONAL_CANDIDATE_NOT_RAW_REVALIDATED	EXCLUDED	NO_RAW_READ_REVALIDATION;NO_PER_TETRAD_CALLABLE_MASK;NO_CANDIDATE_PARALOG_MAPPING_COPY_QC;NO_EMPIRICAL_ERROR_MODEL	1781172
direct-gene-conversion-pilot-v1.0.0	D01_CO_005	CO-5	29	29_1;29_4	Chr2	CROSSOVER_ASSOCIATED	published reciprocal tetrad haplotypes and same-allele converted marker table	1	2281	15154598	15156880	1	0	0	0	0	supplement_1F_COCT_bounds_and_1G_converted_markers	PASS_TABLE_RECONCILIATION_ONLY; marker rows contained within published tract bounds and product/tetrad IDs reconciled	NOT_RUN_FASTQ_BAM_ABSENT	PUBLISHED_ONLY_NOT_RECALLED_FROM_ALL_FOUR_PRODUCTS	NOT_RUN_EXCLUDED_FROM_ALLELIC_ESTIMATE	NOT_RUN_EXCLUDED_FROM_ALLELIC_ESTIMATE	NOT_RUN_EXCLUDED_FROM_ALLELIC_ESTIMATE	NOT_RUN_NO_RAW_EVIDENCE_PACKET	PUBLISHED_DIRECTIONAL_CANDIDATE_NOT_RAW_REVALIDATED	EXCLUDED	NO_RAW_READ_REVALIDATION;NO_PER_TETRAD_CALLABLE_MASK;NO_CANDIDATE_PARALOG_MAPPING_COPY_QC;NO_EMPIRICAL_ERROR_MODEL	1781172
direct-gene-conversion-pilot-v1.0.0	D01_CO_009	CO-9	29	29_1;29_2	Chr5	CROSSOVER_ASSOCIATED	published reciprocal tetrad haplotypes and same-allele converted marker table	119	745	10876774	10877520	3	2	1	1	0	supplement_1F_COCT_bounds_and_1G_converted_markers	PASS_TABLE_RECONCILIATION_ONLY; marker rows contained within published tract bounds and product/tetrad IDs reconciled	NOT_RUN_FASTQ_BAM_ABSENT	PUBLISHED_ONLY_NOT_RECALLED_FROM_ALL_FOUR_PRODUCTS	NOT_RUN_EXCLUDED_FROM_ALLELIC_ESTIMATE	NOT_RUN_EXCLUDED_FROM_ALLELIC_ESTIMATE	NOT_RUN_EXCLUDED_FROM_ALLELIC_ESTIMATE	NOT_RUN_NO_RAW_EVIDENCE_PACKET	PUBLISHED_DIRECTIONAL_CANDIDATE_NOT_RAW_REVALIDATED	EXCLUDED	NO_RAW_READ_REVALIDATION;NO_PER_TETRAD_CALLABLE_MASK;NO_CANDIDATE_PARALOG_MAPPING_COPY_QC;NO_EMPIRICAL_ERROR_MODEL	1781172
direct-gene-conversion-pilot-v1.0.0	D01_CO_010	CO-10	38	38_4;38_2	Chr1	CROSSOVER_ASSOCIATED	published reciprocal tetrad haplotypes and same-allele converted marker table	345	659	2213217	2213877	3	1	1	0	0	supplement_1F_COCT_bounds_and_1G_converted_markers	PASS_TABLE_RECONCILIATION_ONLY; marker rows contained within published tract bounds and product/tetrad IDs reconciled	NOT_RUN_FASTQ_BAM_ABSENT	PUBLISHED_ONLY_NOT_RECALLED_FROM_ALL_FOUR_PRODUCTS	NOT_RUN_EXCLUDED_FROM_ALLELIC_ESTIMATE	NOT_RUN_EXCLUDED_FROM_ALLELIC_ESTIMATE	NOT_RUN_EXCLUDED_FROM_ALLELIC_ESTIMATE	NOT_RUN_NO_RAW_EVIDENCE_PACKET	PUBLISHED_DIRECTIONAL_CANDIDATE_NOT_RAW_REVALIDATED	EXCLUDED	NO_RAW_READ_REVALIDATION;NO_PER_TETRAD_CALLABLE_MASK;NO_CANDIDATE_PARALOG_MAPPING_COPY_QC;NO_EMPIRICAL_ERROR_MODEL	1781172
direct-gene-conversion-pilot-v1.0.0	D01_CO_011	CO-11	38	38_4;38_3	Chr1	CROSSOVER_ASSOCIATED	published reciprocal tetrad haplotypes and same-allele converted marker table	467	847	19093540	19094388	5	2	1	1	0	supplement_1F_COCT_bounds_and_1G_converted_markers	PASS_TABLE_RECONCILIATION_ONLY; marker rows contained within published tract bounds and product/tetrad IDs reconciled	NOT_RUN_FASTQ_BAM_ABSENT	PUBLISHED_ONLY_NOT_RECALLED_FROM_ALL_FOUR_PRODUCTS	NOT_RUN_EXCLUDED_FROM_ALLELIC_ESTIMATE	NOT_RUN_EXCLUDED_FROM_ALLELIC_ESTIMATE	NOT_RUN_EXCLUDED_FROM_ALLELIC_ESTIMATE	NOT_RUN_NO_RAW_EVIDENCE_PACKET	PUBLISHED_DIRECTIONAL_CANDIDATE_NOT_RAW_REVALIDATED	EXCLUDED	NO_RAW_READ_REVALIDATION;NO_PER_TETRAD_CALLABLE_MASK;NO_CANDIDATE_PARALOG_MAPPING_COPY_QC;NO_EMPIRICAL_ERROR_MODEL	1781172
direct-gene-conversion-pilot-v1.0.0	D01_CO_012	CO-12	38	38_2;38_1	Chr1	CROSSOVER_ASSOCIATED	published reciprocal tetrad haplotypes and same-allele converted marker table	1229	1560	24809419	24810980	30	14	7	7	0	supplement_1F_COCT_bounds_and_1G_converted_markers	PASS_TABLE_RECONCILIATION_ONLY; marker rows contained within published tract bounds and product/tetrad IDs reconciled	NOT_RUN_FASTQ_BAM_ABSENT	PUBLISHED_ONLY_NOT_RECALLED_FROM_ALL_FOUR_PRODUCTS	NOT_RUN_EXCLUDED_FROM_ALLELIC_ESTIMATE	NOT_RUN_EXCLUDED_FROM_ALLELIC_ESTIMATE	NOT_RUN_EXCLUDED_FROM_ALLELIC_ESTIMATE	NOT_RUN_NO_RAW_EVIDENCE_PACKET	PUBLISHED_DIRECTIONAL_CANDIDATE_NOT_RAW_REVALIDATED	EXCLUDED	NO_RAW_READ_REVALIDATION;NO_PER_TETRAD_CALLABLE_MASK;NO_CANDIDATE_PARALOG_MAPPING_COPY_QC;NO_EMPIRICAL_ERROR_MODEL	1781172
direct-gene-conversion-pilot-v1.0.0	D01_CO_014	CO-14	38	38_1;38_4	Chr2	CROSSOVER_ASSOCIATED	published reciprocal tetrad haplotypes and same-allele converted marker table	1	1748	17645816	17647565	1	0	0	0	0	supplement_1F_COCT_bounds_and_1G_converted_markers	PASS_TABLE_RECONCILIATION_ONLY; marker rows contained within published tract bounds and product/tetrad IDs reconciled	NOT_RUN_FASTQ_BAM_ABSENT	PUBLISHED_ONLY_NOT_RECALLED_FROM_ALL_FOUR_PRODUCTS	NOT_RUN_EXCLUDED_FROM_ALLELIC_ESTIMATE	NOT_RUN_EXCLUDED_FROM_ALLELIC_ESTIMATE	NOT_RUN_EXCLUDED_FROM_ALLELIC_ESTIMATE	NOT_RUN_NO_RAW_EVIDENCE_PACKET	PUBLISHED_DIRECTIONAL_CANDIDATE_NOT_RAW_REVALIDATED	EXCLUDED	NO_RAW_READ_REVALIDATION;NO_PER_TETRAD_CALLABLE_MASK;NO_CANDIDATE_PARALOG_MAPPING_COPY_QC;NO_EMPIRICAL_ERROR_MODEL	1781172
direct-gene-conversion-pilot-v1.0.0	D01_CO_015	CO-15	38	38_3;38_4	Chr3	CROSSOVER_ASSOCIATED	published reciprocal tetrad haplotypes and same-allele converted marker table	410	942	1160294	1161237	17	4	3	1	0	supplement_1F_COCT_bounds_and_1G_converted_markers	PASS_TABLE_RECONCILIATION_ONLY; marker rows contained within published tract bounds and product/tetrad IDs reconciled	NOT_RUN_FASTQ_BAM_ABSENT	PUBLISHED_ONLY_NOT_RECALLED_FROM_ALL_FOUR_PRODUCTS	NOT_RUN_EXCLUDED_FROM_ALLELIC_ESTIMATE	NOT_RUN_EXCLUDED_FROM_ALLELIC_ESTIMATE	NOT_RUN_EXCLUDED_FROM_ALLELIC_ESTIMATE	NOT_RUN_NO_RAW_EVIDENCE_PACKET	PUBLISHED_DIRECTIONAL_CANDIDATE_NOT_RAW_REVALIDATED	EXCLUDED	NO_RAW_READ_REVALIDATION;NO_PER_TETRAD_CALLABLE_MASK;NO_CANDIDATE_PARALOG_MAPPING_COPY_QC;NO_EMPIRICAL_ERROR_MODEL	1781172
direct-gene-conversion-pilot-v1.0.0	D01_CO_016	CO-16	38	38_4;38_3	Chr3	CROSSOVER_ASSOCIATED	published reciprocal tetrad haplotypes and same-allele converted marker table	84	1219	8880855	8882075	3	2	2	0	0	supplement_1F_COCT_bounds_and_1G_converted_markers	PASS_TABLE_RECONCILIATION_ONLY; marker rows contained within published tract bounds and product/tetrad IDs reconciled	NOT_RUN_FASTQ_BAM_ABSENT	PUBLISHED_ONLY_NOT_RECALLED_FROM_ALL_FOUR_PRODUCTS	NOT_RUN_EXCLUDED_FROM_ALLELIC_ESTIMATE	NOT_RUN_EXCLUDED_FROM_ALLELIC_ESTIMATE	NOT_RUN_EXCLUDED_FROM_ALLELIC_ESTIMATE	NOT_RUN_NO_RAW_EVIDENCE_PACKET	PUBLISHED_DIRECTIONAL_CANDIDATE_NOT_RAW_REVALIDATED	EXCLUDED	NO_RAW_READ_REVALIDATION;NO_PER_TETRAD_CALLABLE_MASK;NO_CANDIDATE_PARALOG_MAPPING_COPY_QC;NO_EMPIRICAL_ERROR_MODEL	1781172
direct-gene-conversion-pilot-v1.0.0	D01_CO_020	CO-20	38	38_3;38_1	Chr5	CROSSOVER_ASSOCIATED	published reciprocal tetrad haplotypes and same-allele converted marker table	404	1032	809355	810388	2	1	0	1	0	supplement_1F_COCT_bounds_and_1G_converted_markers	PASS_TABLE_RECONCILIATION_ONLY; marker rows contained within published tract bounds and product/tetrad IDs reconciled	NOT_RUN_FASTQ_BAM_ABSENT	PUBLISHED_ONLY_NOT_RECALLED_FROM_ALL_FOUR_PRODUCTS	NOT_RUN_EXCLUDED_FROM_ALLELIC_ESTIMATE	NOT_RUN_EXCLUDED_FROM_ALLELIC_ESTIMATE	NOT_RUN_EXCLUDED_FROM_ALLELIC_ESTIMATE	NOT_RUN_NO_RAW_EVIDENCE_PACKET	PUBLISHED_DIRECTIONAL_CANDIDATE_NOT_RAW_REVALIDATED	EXCLUDED	NO_RAW_READ_REVALIDATION;NO_PER_TETRAD_CALLABLE_MASK;NO_CANDIDATE_PARALOG_MAPPING_COPY_QC;NO_EMPIRICAL_ERROR_MODEL	1781172
direct-gene-conversion-pilot-v1.0.0	D01_CO_021	CO-21	38	38_3;38_1	Chr5	CROSSOVER_ASSOCIATED	published reciprocal tetrad haplotypes and same-allele converted marker table	663	3680	15608224	15611905	6	2	2	0	1	supplement_1F_COCT_bounds_and_1G_converted_markers	PASS_TABLE_RECONCILIATION_ONLY; marker rows contained within published tract bounds and product/tetrad IDs reconciled	NOT_RUN_FASTQ_BAM_ABSENT	PUBLISHED_ONLY_NOT_RECALLED_FROM_ALL_FOUR_PRODUCTS	NOT_RUN_EXCLUDED_FROM_ALLELIC_ESTIMATE	NOT_RUN_EXCLUDED_FROM_ALLELIC_ESTIMATE	NOT_RUN_EXCLUDED_FROM_ALLELIC_ESTIMATE	NOT_RUN_NO_RAW_EVIDENCE_PACKET	PUBLISHED_DIRECTIONAL_CANDIDATE_NOT_RAW_REVALIDATED	EXCLUDED	NO_RAW_READ_REVALIDATION;NO_PER_TETRAD_CALLABLE_MASK;NO_CANDIDATE_PARALOG_MAPPING_COPY_QC;NO_EMPIRICAL_ERROR_MODEL	1781172
direct-gene-conversion-pilot-v1.0.0	D01_CO_022	CO-22	40	40_3;40_4	Chr1	CROSSOVER_ASSOCIATED	published reciprocal tetrad haplotypes and same-allele converted marker table	65	1932	1643314	1645247	2	2	0	2	0	supplement_1F_COCT_bounds_and_1G_converted_markers	PASS_TABLE_RECONCILIATION_ONLY; marker rows contained within published tract bounds and product/tetrad IDs reconciled	NOT_RUN_FASTQ_BAM_ABSENT	PUBLISHED_ONLY_NOT_RECALLED_FROM_ALL_FOUR_PRODUCTS	NOT_RUN_EXCLUDED_FROM_ALLELIC_ESTIMATE	NOT_RUN_EXCLUDED_FROM_ALLELIC_ESTIMATE	NOT_RUN_EXCLUDED_FROM_ALLELIC_ESTIMATE	NOT_RUN_NO_RAW_EVIDENCE_PACKET	PUBLISHED_DIRECTIONAL_CANDIDATE_NOT_RAW_REVALIDATED	EXCLUDED	NO_RAW_READ_REVALIDATION;NO_PER_TETRAD_CALLABLE_MASK;NO_CANDIDATE_PARALOG_MAPPING_COPY_QC;NO_EMPIRICAL_ERROR_MODEL	1781172
direct-gene-conversion-pilot-v1.0.0	D01_CO_023	CO-23	40	40_2;40_4	Chr1	CROSSOVER_ASSOCIATED	published reciprocal tetrad haplotypes and same-allele converted marker table	539	1703	16271774	16273478	9	6	5	1	0	supplement_1F_COCT_bounds_and_1G_converted_markers	PASS_TABLE_RECONCILIATION_ONLY; marker rows contained within published tract bounds and product/tetrad IDs reconciled	NOT_RUN_FASTQ_BAM_ABSENT	PUBLISHED_ONLY_NOT_RECALLED_FROM_ALL_FOUR_PRODUCTS	NOT_RUN_EXCLUDED_FROM_ALLELIC_ESTIMATE	NOT_RUN_EXCLUDED_FROM_ALLELIC_ESTIMATE	NOT_RUN_EXCLUDED_FROM_ALLELIC_ESTIMATE	NOT_RUN_NO_RAW_EVIDENCE_PACKET	PUBLISHED_DIRECTIONAL_CANDIDATE_NOT_RAW_REVALIDATED	EXCLUDED	NO_RAW_READ_REVALIDATION;NO_PER_TETRAD_CALLABLE_MASK;NO_CANDIDATE_PARALOG_MAPPING_COPY_QC;NO_EMPIRICAL_ERROR_MODEL	1781172
direct-gene-conversion-pilot-v1.0.0	D01_CO_025	CO-25	40	40_1;40_3	Chr2	CROSSOVER_ASSOCIATED	published reciprocal tetrad haplotypes and same-allele converted marker table	2	1049	14700261	14701311	1	1	0	1	0	supplement_1F_COCT_bounds_and_1G_converted_markers	PASS_TABLE_RECONCILIATION_ONLY; marker rows contained within published tract bounds and product/tetrad IDs reconciled	NOT_RUN_FASTQ_BAM_ABSENT	PUBLISHED_ONLY_NOT_RECALLED_FROM_ALL_FOUR_PRODUCTS	NOT_RUN_EXCLUDED_FROM_ALLELIC_ESTIMATE	NOT_RUN_EXCLUDED_FROM_ALLELIC_ESTIMATE	NOT_RUN_EXCLUDED_FROM_ALLELIC_ESTIMATE	NOT_RUN_NO_RAW_EVIDENCE_PACKET	PUBLISHED_DIRECTIONAL_CANDIDATE_NOT_RAW_REVALIDATED	EXCLUDED	NO_RAW_READ_REVALIDATION;NO_PER_TETRAD_CALLABLE_MASK;NO_CANDIDATE_PARALOG_MAPPING_COPY_QC;NO_EMPIRICAL_ERROR_MODEL	1781172
direct-gene-conversion-pilot-v1.0.0	D01_CO_026	CO-26	40	40_1;40_3	Chr3	CROSSOVER_ASSOCIATED	published reciprocal tetrad haplotypes and same-allele converted marker table	569	1196	8557068	8558265	2	1	0	1	0	supplement_1F_COCT_bounds_and_1G_converted_markers	PASS_TABLE_RECONCILIATION_ONLY; marker rows contained within published tract bounds and product/tetrad IDs reconciled	NOT_RUN_FASTQ_BAM_ABSENT	PUBLISHED_ONLY_NOT_RECALLED_FROM_ALL_FOUR_PRODUCTS	NOT_RUN_EXCLUDED_FROM_ALLELIC_ESTIMATE	NOT_RUN_EXCLUDED_FROM_ALLELIC_ESTIMATE	NOT_RUN_EXCLUDED_FROM_ALLELIC_ESTIMATE	NOT_RUN_NO_RAW_EVIDENCE_PACKET	PUBLISHED_DIRECTIONAL_CANDIDATE_NOT_RAW_REVALIDATED	EXCLUDED	NO_RAW_READ_REVALIDATION;NO_PER_TETRAD_CALLABLE_MASK;NO_CANDIDATE_PARALOG_MAPPING_COPY_QC;NO_EMPIRICAL_ERROR_MODEL	1781172
direct-gene-conversion-pilot-v1.0.0	D01_CO_027	CO-27	40	40_1;40_3	Chr3	CROSSOVER_ASSOCIATED	published reciprocal tetrad haplotypes and same-allele converted marker table	1	757	23161397	23162155	1	1	0	1	0	supplement_1F_COCT_bounds_and_1G_converted_markers	PASS_TABLE_RECONCILIATION_ONLY; marker rows contained within published tract bounds and product/tetrad IDs reconciled	NOT_RUN_FASTQ_BAM_ABSENT	PUBLISHED_ONLY_NOT_RECALLED_FROM_ALL_FOUR_PRODUCTS	NOT_RUN_EXCLUDED_FROM_ALLELIC_ESTIMATE	NOT_RUN_EXCLUDED_FROM_ALLELIC_ESTIMATE	NOT_RUN_EXCLUDED_FROM_ALLELIC_ESTIMATE	NOT_RUN_NO_RAW_EVIDENCE_PACKET	PUBLISHED_DIRECTIONAL_CANDIDATE_NOT_RAW_REVALIDATED	EXCLUDED	NO_RAW_READ_REVALIDATION;NO_PER_TETRAD_CALLABLE_MASK;NO_CANDIDATE_PARALOG_MAPPING_COPY_QC;NO_EMPIRICAL_ERROR_MODEL	1781172
direct-gene-conversion-pilot-v1.0.0	D01_CO_031	CO-31	58	58_4;58_3	Chr1	CROSSOVER_ASSOCIATED	published reciprocal tetrad haplotypes and same-allele converted marker table	42	432	7842859	7843292	5	1	0	1	0	supplement_1F_COCT_bounds_and_1G_converted_markers	PASS_TABLE_RECONCILIATION_ONLY; marker rows contained within published tract bounds and product/tetrad IDs reconciled	NOT_RUN_FASTQ_BAM_ABSENT	PUBLISHED_ONLY_NOT_RECALLED_FROM_ALL_FOUR_PRODUCTS	NOT_RUN_EXCLUDED_FROM_ALLELIC_ESTIMATE	NOT_RUN_EXCLUDED_FROM_ALLELIC_ESTIMATE	NOT_RUN_EXCLUDED_FROM_ALLELIC_ESTIMATE	NOT_RUN_NO_RAW_EVIDENCE_PACKET	PUBLISHED_DIRECTIONAL_CANDIDATE_NOT_RAW_REVALIDATED	EXCLUDED	NO_RAW_READ_REVALIDATION;NO_PER_TETRAD_CALLABLE_MASK;NO_CANDIDATE_PARALOG_MAPPING_COPY_QC;NO_EMPIRICAL_ERROR_MODEL	1781172
direct-gene-conversion-pilot-v1.0.0	D01_CO_032	CO-32	58	58_2;58_1	Chr1	CROSSOVER_ASSOCIATED	published reciprocal tetrad haplotypes and same-allele converted marker table	124	1108	16473123	16474232	4	2	1	1	0	supplement_1F_COCT_bounds_and_1G_converted_markers	PASS_TABLE_RECONCILIATION_ONLY; marker rows contained within published tract bounds and product/tetrad IDs reconciled	NOT_RUN_FASTQ_BAM_ABSENT	PUBLISHED_ONLY_NOT_RECALLED_FROM_ALL_FOUR_PRODUCTS	NOT_RUN_EXCLUDED_FROM_ALLELIC_ESTIMATE	NOT_RUN_EXCLUDED_FROM_ALLELIC_ESTIMATE	NOT_RUN_EXCLUDED_FROM_ALLELIC_ESTIMATE	NOT_RUN_NO_RAW_EVIDENCE_PACKET	PUBLISHED_DIRECTIONAL_CANDIDATE_NOT_RAW_REVALIDATED	EXCLUDED	NO_RAW_READ_REVALIDATION;NO_PER_TETRAD_CALLABLE_MASK;NO_CANDIDATE_PARALOG_MAPPING_COPY_QC;NO_EMPIRICAL_ERROR_MODEL	1781172
direct-gene-conversion-pilot-v1.0.0	D01_CO_034	CO-34	58	58_4;58_3	Chr2	CROSSOVER_ASSOCIATED	published reciprocal tetrad haplotypes and same-allele converted marker table	136	988	7252497	7253486	2	2	2	0	0	supplement_1F_COCT_bounds_and_1G_converted_markers	PASS_TABLE_RECONCILIATION_ONLY; marker rows contained within published tract bounds and product/tetrad IDs reconciled	NOT_RUN_FASTQ_BAM_ABSENT	PUBLISHED_ONLY_NOT_RECALLED_FROM_ALL_FOUR_PRODUCTS	NOT_RUN_EXCLUDED_FROM_ALLELIC_ESTIMATE	NOT_RUN_EXCLUDED_FROM_ALLELIC_ESTIMATE	NOT_RUN_EXCLUDED_FROM_ALLELIC_ESTIMATE	NOT_RUN_NO_RAW_EVIDENCE_PACKET	PUBLISHED_DIRECTIONAL_CANDIDATE_NOT_RAW_REVALIDATED	EXCLUDED	NO_RAW_READ_REVALIDATION;NO_PER_TETRAD_CALLABLE_MASK;NO_CANDIDATE_PARALOG_MAPPING_COPY_QC;NO_EMPIRICAL_ERROR_MODEL	1781172
direct-gene-conversion-pilot-v1.0.0	D01_CO_035	CO-35	58	58_1;58_4	Chr2	CROSSOVER_ASSOCIATED	published reciprocal tetrad haplotypes and same-allele converted marker table	1	3855	12414849	12418705	1	0	0	0	0	supplement_1F_COCT_bounds_and_1G_converted_markers	PASS_TABLE_RECONCILIATION_ONLY; marker rows contained within published tract bounds and product/tetrad IDs reconciled	NOT_RUN_FASTQ_BAM_ABSENT	PUBLISHED_ONLY_NOT_RECALLED_FROM_ALL_FOUR_PRODUCTS	NOT_RUN_EXCLUDED_FROM_ALLELIC_ESTIMATE	NOT_RUN_EXCLUDED_FROM_ALLELIC_ESTIMATE	NOT_RUN_EXCLUDED_FROM_ALLELIC_ESTIMATE	NOT_RUN_NO_RAW_EVIDENCE_PACKET	PUBLISHED_DIRECTIONAL_CANDIDATE_NOT_RAW_REVALIDATED	EXCLUDED	NO_RAW_READ_REVALIDATION;NO_PER_TETRAD_CALLABLE_MASK;NO_CANDIDATE_PARALOG_MAPPING_COPY_QC;NO_EMPIRICAL_ERROR_MODEL	1781172
direct-gene-conversion-pilot-v1.0.0	D01_CO_037	CO-37	58	58_4;58_3	Chr3	CROSSOVER_ASSOCIATED	published reciprocal tetrad haplotypes and same-allele converted marker table	141	1617	9335488	9337106	2	2	1	1	0	supplement_1F_COCT_bounds_and_1G_converted_markers	PASS_TABLE_RECONCILIATION_ONLY; marker rows contained within published tract bounds and product/tetrad IDs reconciled	NOT_RUN_FASTQ_BAM_ABSENT	PUBLISHED_ONLY_NOT_RECALLED_FROM_ALL_FOUR_PRODUCTS	NOT_RUN_EXCLUDED_FROM_ALLELIC_ESTIMATE	NOT_RUN_EXCLUDED_FROM_ALLELIC_ESTIMATE	NOT_RUN_EXCLUDED_FROM_ALLELIC_ESTIMATE	NOT_RUN_NO_RAW_EVIDENCE_PACKET	PUBLISHED_DIRECTIONAL_CANDIDATE_NOT_RAW_REVALIDATED	EXCLUDED	NO_RAW_READ_REVALIDATION;NO_PER_TETRAD_CALLABLE_MASK;NO_CANDIDATE_PARALOG_MAPPING_COPY_QC;NO_EMPIRICAL_ERROR_MODEL	1781172
direct-gene-conversion-pilot-v1.0.0	D01_CO_040	CO-40	58	58_3;58_4	Chr4	CROSSOVER_ASSOCIATED	published reciprocal tetrad haplotypes and same-allele converted marker table	115	841	17463448	17464290	2	0	0	0	0	supplement_1F_COCT_bounds_and_1G_converted_markers	PASS_TABLE_RECONCILIATION_ONLY; marker rows contained within published tract bounds and product/tetrad IDs reconciled	NOT_RUN_FASTQ_BAM_ABSENT	PUBLISHED_ONLY_NOT_RECALLED_FROM_ALL_FOUR_PRODUCTS	NOT_RUN_EXCLUDED_FROM_ALLELIC_ESTIMATE	NOT_RUN_EXCLUDED_FROM_ALLELIC_ESTIMATE	NOT_RUN_EXCLUDED_FROM_ALLELIC_ESTIMATE	NOT_RUN_NO_RAW_EVIDENCE_PACKET	PUBLISHED_DIRECTIONAL_CANDIDATE_NOT_RAW_REVALIDATED	EXCLUDED	NO_RAW_READ_REVALIDATION;NO_PER_TETRAD_CALLABLE_MASK;NO_CANDIDATE_PARALOG_MAPPING_COPY_QC;NO_EMPIRICAL_ERROR_MODEL	1781172
direct-gene-conversion-pilot-v1.0.0	D01_CO_041	CO-41	58	58_3;58_4	Chr5	CROSSOVER_ASSOCIATED	published reciprocal tetrad haplotypes and same-allele converted marker table	1	286	10486315	10486602	1	1	0	1	0	supplement_1F_COCT_bounds_and_1G_converted_markers	PASS_TABLE_RECONCILIATION_ONLY; marker rows contained within published tract bounds and product/tetrad IDs reconciled	NOT_RUN_FASTQ_BAM_ABSENT	PUBLISHED_ONLY_NOT_RECALLED_FROM_ALL_FOUR_PRODUCTS	NOT_RUN_EXCLUDED_FROM_ALLELIC_ESTIMATE	NOT_RUN_EXCLUDED_FROM_ALLELIC_ESTIMATE	NOT_RUN_EXCLUDED_FROM_ALLELIC_ESTIMATE	NOT_RUN_NO_RAW_EVIDENCE_PACKET	PUBLISHED_DIRECTIONAL_CANDIDATE_NOT_RAW_REVALIDATED	EXCLUDED	NO_RAW_READ_REVALIDATION;NO_PER_TETRAD_CALLABLE_MASK;NO_CANDIDATE_PARALOG_MAPPING_COPY_QC;NO_EMPIRICAL_ERROR_MODEL	1781172
direct-gene-conversion-pilot-v1.0.0	D01_CO_046	CO-46	62	62_1;62_2	Chr2	CROSSOVER_ASSOCIATED	published reciprocal tetrad haplotypes and same-allele converted marker table	240	761	8548811	8549573	3	0	0	0	0	supplement_1F_COCT_bounds_and_1G_converted_markers	PASS_TABLE_RECONCILIATION_ONLY; marker rows contained within published tract bounds and product/tetrad IDs reconciled	NOT_RUN_FASTQ_BAM_ABSENT	PUBLISHED_ONLY_NOT_RECALLED_FROM_ALL_FOUR_PRODUCTS	NOT_RUN_EXCLUDED_FROM_ALLELIC_ESTIMATE	NOT_RUN_EXCLUDED_FROM_ALLELIC_ESTIMATE	NOT_RUN_EXCLUDED_FROM_ALLELIC_ESTIMATE	NOT_RUN_NO_RAW_EVIDENCE_PACKET	PUBLISHED_DIRECTIONAL_CANDIDATE_NOT_RAW_REVALIDATED	EXCLUDED	NO_RAW_READ_REVALIDATION;NO_PER_TETRAD_CALLABLE_MASK;NO_CANDIDATE_PARALOG_MAPPING_COPY_QC;NO_EMPIRICAL_ERROR_MODEL	1781172
direct-gene-conversion-pilot-v1.0.0	D01_CO_047	CO-47	62	62_3;62_4	Chr2	CROSSOVER_ASSOCIATED	published reciprocal tetrad haplotypes and same-allele converted marker table	1	9911	19020887	19030799	1	0	0	0	0	supplement_1F_COCT_bounds_and_1G_converted_markers	PASS_TABLE_RECONCILIATION_ONLY; marker rows contained within published tract bounds and product/tetrad IDs reconciled	NOT_RUN_FASTQ_BAM_ABSENT	PUBLISHED_ONLY_NOT_RECALLED_FROM_ALL_FOUR_PRODUCTS	NOT_RUN_EXCLUDED_FROM_ALLELIC_ESTIMATE	NOT_RUN_EXCLUDED_FROM_ALLELIC_ESTIMATE	NOT_RUN_EXCLUDED_FROM_ALLELIC_ESTIMATE	NOT_RUN_NO_RAW_EVIDENCE_PACKET	PUBLISHED_DIRECTIONAL_CANDIDATE_NOT_RAW_REVALIDATED	EXCLUDED	NO_RAW_READ_REVALIDATION;NO_PER_TETRAD_CALLABLE_MASK;NO_CANDIDATE_PARALOG_MAPPING_COPY_QC;NO_EMPIRICAL_ERROR_MODEL	1781172
direct-gene-conversion-pilot-v1.0.0	D01_CO_048	CO-48	62	62_1;62_2	Chr3	CROSSOVER_ASSOCIATED	published reciprocal tetrad haplotypes and same-allele converted marker table	324	554	15615636	15616191	3	2	1	1	0	supplement_1F_COCT_bounds_and_1G_converted_markers	PASS_TABLE_RECONCILIATION_ONLY; marker rows contained within published tract bounds and product/tetrad IDs reconciled	NOT_RUN_FASTQ_BAM_ABSENT	PUBLISHED_ONLY_NOT_RECALLED_FROM_ALL_FOUR_PRODUCTS	NOT_RUN_EXCLUDED_FROM_ALLELIC_ESTIMATE	NOT_RUN_EXCLUDED_FROM_ALLELIC_ESTIMATE	NOT_RUN_EXCLUDED_FROM_ALLELIC_ESTIMATE	NOT_RUN_NO_RAW_EVIDENCE_PACKET	PUBLISHED_DIRECTIONAL_CANDIDATE_NOT_RAW_REVALIDATED	EXCLUDED	NO_RAW_READ_REVALIDATION;NO_PER_TETRAD_CALLABLE_MASK;NO_CANDIDATE_PARALOG_MAPPING_COPY_QC;NO_EMPIRICAL_ERROR_MODEL	1781172
direct-gene-conversion-pilot-v1.0.0	D01_CO_049	CO-49	62	62_3;62_4	Chr4	CROSSOVER_ASSOCIATED	published reciprocal tetrad haplotypes and same-allele converted marker table	432	2444	6257906	6260351	4	1	0	1	0	supplement_1F_COCT_bounds_and_1G_converted_markers	PASS_TABLE_RECONCILIATION_ONLY; marker rows contained within published tract bounds and product/tetrad IDs reconciled	NOT_RUN_FASTQ_BAM_ABSENT	PUBLISHED_ONLY_NOT_RECALLED_FROM_ALL_FOUR_PRODUCTS	NOT_RUN_EXCLUDED_FROM_ALLELIC_ESTIMATE	NOT_RUN_EXCLUDED_FROM_ALLELIC_ESTIMATE	NOT_RUN_EXCLUDED_FROM_ALLELIC_ESTIMATE	NOT_RUN_NO_RAW_EVIDENCE_PACKET	PUBLISHED_DIRECTIONAL_CANDIDATE_NOT_RAW_REVALIDATED	EXCLUDED	NO_RAW_READ_REVALIDATION;NO_PER_TETRAD_CALLABLE_MASK;NO_CANDIDATE_PARALOG_MAPPING_COPY_QC;NO_EMPIRICAL_ERROR_MODEL	1781172
direct-gene-conversion-pilot-v1.0.0	D01_CO_050	CO-50	62	62_3;62_4	Chr4	CROSSOVER_ASSOCIATED	published reciprocal tetrad haplotypes and same-allele converted marker table	1	4225	14919739	14923965	1	0	0	0	0	supplement_1F_COCT_bounds_and_1G_converted_markers	PASS_TABLE_RECONCILIATION_ONLY; marker rows contained within published tract bounds and product/tetrad IDs reconciled	NOT_RUN_FASTQ_BAM_ABSENT	PUBLISHED_ONLY_NOT_RECALLED_FROM_ALL_FOUR_PRODUCTS	NOT_RUN_EXCLUDED_FROM_ALLELIC_ESTIMATE	NOT_RUN_EXCLUDED_FROM_ALLELIC_ESTIMATE	NOT_RUN_EXCLUDED_FROM_ALLELIC_ESTIMATE	NOT_RUN_NO_RAW_EVIDENCE_PACKET	PUBLISHED_DIRECTIONAL_CANDIDATE_NOT_RAW_REVALIDATED	EXCLUDED	NO_RAW_READ_REVALIDATION;NO_PER_TETRAD_CALLABLE_MASK;NO_CANDIDATE_PARALOG_MAPPING_COPY_QC;NO_EMPIRICAL_ERROR_MODEL	1781172
direct-gene-conversion-pilot-v1.0.0	D01_CO_051	CO-51	62	62_1;62_2	Chr5	CROSSOVER_ASSOCIATED	published reciprocal tetrad haplotypes and same-allele converted marker table	1	477	8194916	8195394	1	1	0	1	0	supplement_1F_COCT_bounds_and_1G_converted_markers	PASS_TABLE_RECONCILIATION_ONLY; marker rows contained within published tract bounds and product/tetrad IDs reconciled	NOT_RUN_FASTQ_BAM_ABSENT	PUBLISHED_ONLY_NOT_RECALLED_FROM_ALL_FOUR_PRODUCTS	NOT_RUN_EXCLUDED_FROM_ALLELIC_ESTIMATE	NOT_RUN_EXCLUDED_FROM_ALLELIC_ESTIMATE	NOT_RUN_EXCLUDED_FROM_ALLELIC_ESTIMATE	NOT_RUN_NO_RAW_EVIDENCE_PACKET	PUBLISHED_DIRECTIONAL_CANDIDATE_NOT_RAW_REVALIDATED	EXCLUDED	NO_RAW_READ_REVALIDATION;NO_PER_TETRAD_CALLABLE_MASK;NO_CANDIDATE_PARALOG_MAPPING_COPY_QC;NO_EMPIRICAL_ERROR_MODEL	1781172
direct-gene-conversion-pilot-v1.0.0	D01_CO_052	CO-52	62	62_1;62_4	Chr5	CROSSOVER_ASSOCIATED	published reciprocal tetrad haplotypes and same-allele converted marker table	284	1456	21896525	21897982	3	2	1	1	0	supplement_1F_COCT_bounds_and_1G_converted_markers	PASS_TABLE_RECONCILIATION_ONLY; marker rows contained within published tract bounds and product/tetrad IDs reconciled	NOT_RUN_FASTQ_BAM_ABSENT	PUBLISHED_ONLY_NOT_RECALLED_FROM_ALL_FOUR_PRODUCTS	NOT_RUN_EXCLUDED_FROM_ALLELIC_ESTIMATE	NOT_RUN_EXCLUDED_FROM_ALLELIC_ESTIMATE	NOT_RUN_EXCLUDED_FROM_ALLELIC_ESTIMATE	NOT_RUN_NO_RAW_EVIDENCE_PACKET	PUBLISHED_DIRECTIONAL_CANDIDATE_NOT_RAW_REVALIDATED	EXCLUDED	NO_RAW_READ_REVALIDATION;NO_PER_TETRAD_CALLABLE_MASK;NO_CANDIDATE_PARALOG_MAPPING_COPY_QC;NO_EMPIRICAL_ERROR_MODEL	1781172
direct-gene-conversion-pilot-v1.0.0	D01_CO_053	CO-53	35	35_4;35_1	Chr1	CROSSOVER_ASSOCIATED	published reciprocal tetrad haplotypes and same-allele converted marker table	509	1742	6863325	6865068	6	4	2	2	0	supplement_1F_COCT_bounds_and_1G_converted_markers	PASS_TABLE_RECONCILIATION_ONLY; marker rows contained within published tract bounds and product/tetrad IDs reconciled	NOT_RUN_FASTQ_BAM_ABSENT	PUBLISHED_ONLY_NOT_RECALLED_FROM_ALL_FOUR_PRODUCTS	NOT_RUN_EXCLUDED_FROM_ALLELIC_ESTIMATE	NOT_RUN_EXCLUDED_FROM_ALLELIC_ESTIMATE	NOT_RUN_EXCLUDED_FROM_ALLELIC_ESTIMATE	NOT_RUN_NO_RAW_EVIDENCE_PACKET	PUBLISHED_DIRECTIONAL_CANDIDATE_NOT_RAW_REVALIDATED	EXCLUDED	NO_RAW_READ_REVALIDATION;NO_PER_TETRAD_CALLABLE_MASK;NO_CANDIDATE_PARALOG_MAPPING_COPY_QC;NO_EMPIRICAL_ERROR_MODEL	1781172
direct-gene-conversion-pilot-v1.0.0	D01_CO_054	CO-54	35	35_1;35_4	Chr1	CROSSOVER_ASSOCIATED	published reciprocal tetrad haplotypes and same-allele converted marker table	67	2078	23518194	23520273	2	2	1	1	0	supplement_1F_COCT_bounds_and_1G_converted_markers	PASS_TABLE_RECONCILIATION_ONLY; marker rows contained within published tract bounds and product/tetrad IDs reconciled	NOT_RUN_FASTQ_BAM_ABSENT	PUBLISHED_ONLY_NOT_RECALLED_FROM_ALL_FOUR_PRODUCTS	NOT_RUN_EXCLUDED_FROM_ALLELIC_ESTIMATE	NOT_RUN_EXCLUDED_FROM_ALLELIC_ESTIMATE	NOT_RUN_EXCLUDED_FROM_ALLELIC_ESTIMATE	NOT_RUN_NO_RAW_EVIDENCE_PACKET	PUBLISHED_DIRECTIONAL_CANDIDATE_NOT_RAW_REVALIDATED	EXCLUDED	NO_RAW_READ_REVALIDATION;NO_PER_TETRAD_CALLABLE_MASK;NO_CANDIDATE_PARALOG_MAPPING_COPY_QC;NO_EMPIRICAL_ERROR_MODEL	1781172
direct-gene-conversion-pilot-v1.0.0	D01_CO_055	CO-55	35	35_2;35_4	Chr2	CROSSOVER_ASSOCIATED	published reciprocal tetrad haplotypes and same-allele converted marker table	78	5432	8098818	8104251	5	3	3	0	0	supplement_1F_COCT_bounds_and_1G_converted_markers	PASS_TABLE_RECONCILIATION_ONLY; marker rows contained within published tract bounds and product/tetrad IDs reconciled	NOT_RUN_FASTQ_BAM_ABSENT	PUBLISHED_ONLY_NOT_RECALLED_FROM_ALL_FOUR_PRODUCTS	NOT_RUN_EXCLUDED_FROM_ALLELIC_ESTIMATE	NOT_RUN_EXCLUDED_FROM_ALLELIC_ESTIMATE	NOT_RUN_EXCLUDED_FROM_ALLELIC_ESTIMATE	NOT_RUN_NO_RAW_EVIDENCE_PACKET	PUBLISHED_DIRECTIONAL_CANDIDATE_NOT_RAW_REVALIDATED	EXCLUDED	NO_RAW_READ_REVALIDATION;NO_PER_TETRAD_CALLABLE_MASK;NO_CANDIDATE_PARALOG_MAPPING_COPY_QC;NO_EMPIRICAL_ERROR_MODEL	1781172
direct-gene-conversion-pilot-v1.0.0	D01_CO_056	CO-56	35	35_4;35_1	Chr3	CROSSOVER_ASSOCIATED	published reciprocal tetrad haplotypes and same-allele converted marker table	1	447	17476529	17476977	1	1	1	0	0	supplement_1F_COCT_bounds_and_1G_converted_markers	PASS_TABLE_RECONCILIATION_ONLY; marker rows contained within published tract bounds and product/tetrad IDs reconciled	NOT_RUN_FASTQ_BAM_ABSENT	PUBLISHED_ONLY_NOT_RECALLED_FROM_ALL_FOUR_PRODUCTS	NOT_RUN_EXCLUDED_FROM_ALLELIC_ESTIMATE	NOT_RUN_EXCLUDED_FROM_ALLELIC_ESTIMATE	NOT_RUN_EXCLUDED_FROM_ALLELIC_ESTIMATE	NOT_RUN_NO_RAW_EVIDENCE_PACKET	PUBLISHED_DIRECTIONAL_CANDIDATE_NOT_RAW_REVALIDATED	EXCLUDED	NO_RAW_READ_REVALIDATION;NO_PER_TETRAD_CALLABLE_MASK;NO_CANDIDATE_PARALOG_MAPPING_COPY_QC;NO_EMPIRICAL_ERROR_MODEL	1781172
direct-gene-conversion-pilot-v1.0.0	D01_CO_057	CO-57	35	35_2;35_4	Chr4	CROSSOVER_ASSOCIATED	published reciprocal tetrad haplotypes and same-allele converted marker table	41	759	10852992	10853752	2	1	0	1	0	supplement_1F_COCT_bounds_and_1G_converted_markers	PASS_TABLE_RECONCILIATION_ONLY; marker rows contained within published tract bounds and product/tetrad IDs reconciled	NOT_RUN_FASTQ_BAM_ABSENT	PUBLISHED_ONLY_NOT_RECALLED_FROM_ALL_FOUR_PRODUCTS	NOT_RUN_EXCLUDED_FROM_ALLELIC_ESTIMATE	NOT_RUN_EXCLUDED_FROM_ALLELIC_ESTIMATE	NOT_RUN_EXCLUDED_FROM_ALLELIC_ESTIMATE	NOT_RUN_NO_RAW_EVIDENCE_PACKET	PUBLISHED_DIRECTIONAL_CANDIDATE_NOT_RAW_REVALIDATED	EXCLUDED	NO_RAW_READ_REVALIDATION;NO_PER_TETRAD_CALLABLE_MASK;NO_CANDIDATE_PARALOG_MAPPING_COPY_QC;NO_EMPIRICAL_ERROR_MODEL	1781172
direct-gene-conversion-pilot-v1.0.0	D01_CO_058	CO-58	35	35_1;35_4	Chr5	CROSSOVER_ASSOCIATED	published reciprocal tetrad haplotypes and same-allele converted marker table	471	969	10874739	10875709	3	2	1	1	0	supplement_1F_COCT_bounds_and_1G_converted_markers	PASS_TABLE_RECONCILIATION_ONLY; marker rows contained within published tract bounds and product/tetrad IDs reconciled	NOT_RUN_FASTQ_BAM_ABSENT	PUBLISHED_ONLY_NOT_RECALLED_FROM_ALL_FOUR_PRODUCTS	NOT_RUN_EXCLUDED_FROM_ALLELIC_ESTIMATE	NOT_RUN_EXCLUDED_FROM_ALLELIC_ESTIMATE	NOT_RUN_EXCLUDED_FROM_ALLELIC_ESTIMATE	NOT_RUN_NO_RAW_EVIDENCE_PACKET	PUBLISHED_DIRECTIONAL_CANDIDATE_NOT_RAW_REVALIDATED	EXCLUDED	NO_RAW_READ_REVALIDATION;NO_PER_TETRAD_CALLABLE_MASK;NO_CANDIDATE_PARALOG_MAPPING_COPY_QC;NO_EMPIRICAL_ERROR_MODEL	1781172
direct-gene-conversion-pilot-v1.0.0	D01_CO_059	CO-59	39	39_3;39_4	Chr5	CROSSOVER_ASSOCIATED	published reciprocal tetrad haplotypes and same-allele converted marker table	632	1265	8031415	8032681	1	0	0	0	0	supplement_1F_COCT_bounds_and_1G_converted_markers	PASS_TABLE_RECONCILIATION_ONLY; marker rows contained within published tract bounds and product/tetrad IDs reconciled	NOT_RUN_FASTQ_BAM_ABSENT	PUBLISHED_ONLY_NOT_RECALLED_FROM_ALL_FOUR_PRODUCTS	NOT_RUN_EXCLUDED_FROM_ALLELIC_ESTIMATE	NOT_RUN_EXCLUDED_FROM_ALLELIC_ESTIMATE	NOT_RUN_EXCLUDED_FROM_ALLELIC_ESTIMATE	NOT_RUN_NO_RAW_EVIDENCE_PACKET	PUBLISHED_DIRECTIONAL_CANDIDATE_NOT_RAW_REVALIDATED	EXCLUDED	NO_RAW_READ_REVALIDATION;NO_PER_TETRAD_CALLABLE_MASK;NO_CANDIDATE_PARALOG_MAPPING_COPY_QC;NO_EMPIRICAL_ERROR_MODEL	1781172
direct-gene-conversion-pilot-v1.0.0	D01_CO_060	CO-60	51	51_2;51_1	Chr1	CROSSOVER_ASSOCIATED	published reciprocal tetrad haplotypes and same-allele converted marker table	153	671	25411234	25411906	3	0	0	0	0	supplement_1F_COCT_bounds_and_1G_converted_markers	PASS_TABLE_RECONCILIATION_ONLY; marker rows contained within published tract bounds and product/tetrad IDs reconciled	NOT_RUN_FASTQ_BAM_ABSENT	PUBLISHED_ONLY_NOT_RECALLED_FROM_ALL_FOUR_PRODUCTS	NOT_RUN_EXCLUDED_FROM_ALLELIC_ESTIMATE	NOT_RUN_EXCLUDED_FROM_ALLELIC_ESTIMATE	NOT_RUN_EXCLUDED_FROM_ALLELIC_ESTIMATE	NOT_RUN_NO_RAW_EVIDENCE_PACKET	PUBLISHED_DIRECTIONAL_CANDIDATE_NOT_RAW_REVALIDATED	EXCLUDED	NO_RAW_READ_REVALIDATION;NO_PER_TETRAD_CALLABLE_MASK;NO_CANDIDATE_PARALOG_MAPPING_COPY_QC;NO_EMPIRICAL_ERROR_MODEL	1781172
direct-gene-conversion-pilot-v1.0.0	D01_CO_062	CO-62	51	51_2;51_4	Chr2	CROSSOVER_ASSOCIATED	published reciprocal tetrad haplotypes and same-allele converted marker table	568	890	1541990	1542881	3	3	1	2	0	supplement_1F_COCT_bounds_and_1G_converted_markers	PASS_TABLE_RECONCILIATION_ONLY; marker rows contained within published tract bounds and product/tetrad IDs reconciled	NOT_RUN_FASTQ_BAM_ABSENT	PUBLISHED_ONLY_NOT_RECALLED_FROM_ALL_FOUR_PRODUCTS	NOT_RUN_EXCLUDED_FROM_ALLELIC_ESTIMATE	NOT_RUN_EXCLUDED_FROM_ALLELIC_ESTIMATE	NOT_RUN_EXCLUDED_FROM_ALLELIC_ESTIMATE	NOT_RUN_NO_RAW_EVIDENCE_PACKET	PUBLISHED_DIRECTIONAL_CANDIDATE_NOT_RAW_REVALIDATED	EXCLUDED	NO_RAW_READ_REVALIDATION;NO_PER_TETRAD_CALLABLE_MASK;NO_CANDIDATE_PARALOG_MAPPING_COPY_QC;NO_EMPIRICAL_ERROR_MODEL	1781172
direct-gene-conversion-pilot-v1.0.0	D01_CO_063	CO-63	51	51_3;51_1	Chr3	CROSSOVER_ASSOCIATED	published reciprocal tetrad haplotypes and same-allele converted marker table	1	2067	8641648	8643716	1	1	0	1	0	supplement_1F_COCT_bounds_and_1G_converted_markers	PASS_TABLE_RECONCILIATION_ONLY; marker rows contained within published tract bounds and product/tetrad IDs reconciled	NOT_RUN_FASTQ_BAM_ABSENT	PUBLISHED_ONLY_NOT_RECALLED_FROM_ALL_FOUR_PRODUCTS	NOT_RUN_EXCLUDED_FROM_ALLELIC_ESTIMATE	NOT_RUN_EXCLUDED_FROM_ALLELIC_ESTIMATE	NOT_RUN_EXCLUDED_FROM_ALLELIC_ESTIMATE	NOT_RUN_NO_RAW_EVIDENCE_PACKET	PUBLISHED_DIRECTIONAL_CANDIDATE_NOT_RAW_REVALIDATED	EXCLUDED	NO_RAW_READ_REVALIDATION;NO_PER_TETRAD_CALLABLE_MASK;NO_CANDIDATE_PARALOG_MAPPING_COPY_QC;NO_EMPIRICAL_ERROR_MODEL	1781172
direct-gene-conversion-pilot-v1.0.0	D01_CO_065	CO-65	51	51_1;51_3	Chr4	CROSSOVER_ASSOCIATED	published reciprocal tetrad haplotypes and same-allele converted marker table	66	394	4792121	4792516	2	1	1	0	0	supplement_1F_COCT_bounds_and_1G_converted_markers	PASS_TABLE_RECONCILIATION_ONLY; marker rows contained within published tract bounds and product/tetrad IDs reconciled	NOT_RUN_FASTQ_BAM_ABSENT	PUBLISHED_ONLY_NOT_RECALLED_FROM_ALL_FOUR_PRODUCTS	NOT_RUN_EXCLUDED_FROM_ALLELIC_ESTIMATE	NOT_RUN_EXCLUDED_FROM_ALLELIC_ESTIMATE	NOT_RUN_EXCLUDED_FROM_ALLELIC_ESTIMATE	NOT_RUN_NO_RAW_EVIDENCE_PACKET	PUBLISHED_DIRECTIONAL_CANDIDATE_NOT_RAW_REVALIDATED	EXCLUDED	NO_RAW_READ_REVALIDATION;NO_PER_TETRAD_CALLABLE_MASK;NO_CANDIDATE_PARALOG_MAPPING_COPY_QC;NO_EMPIRICAL_ERROR_MODEL	1781172
direct-gene-conversion-pilot-v1.0.0	D01_CO_066	CO-66	51	51_2;51_3	Chr4	CROSSOVER_ASSOCIATED	published reciprocal tetrad haplotypes and same-allele converted marker table	18	3438	14273798	14277237	2	2	1	1	0	supplement_1F_COCT_bounds_and_1G_converted_markers	PASS_TABLE_RECONCILIATION_ONLY; marker rows contained within published tract bounds and product/tetrad IDs reconciled	NOT_RUN_FASTQ_BAM_ABSENT	PUBLISHED_ONLY_NOT_RECALLED_FROM_ALL_FOUR_PRODUCTS	NOT_RUN_EXCLUDED_FROM_ALLELIC_ESTIMATE	NOT_RUN_EXCLUDED_FROM_ALLELIC_ESTIMATE	NOT_RUN_EXCLUDED_FROM_ALLELIC_ESTIMATE	NOT_RUN_NO_RAW_EVIDENCE_PACKET	PUBLISHED_DIRECTIONAL_CANDIDATE_NOT_RAW_REVALIDATED	EXCLUDED	NO_RAW_READ_REVALIDATION;NO_PER_TETRAD_CALLABLE_MASK;NO_CANDIDATE_PARALOG_MAPPING_COPY_QC;NO_EMPIRICAL_ERROR_MODEL	1781172
direct-gene-conversion-pilot-v1.0.0	D01_CO_067	CO-67	51	51_1;51_3	Chr5	CROSSOVER_ASSOCIATED	published reciprocal tetrad haplotypes and same-allele converted marker table	1	714	5718060	5718775	1	1	0	1	0	supplement_1F_COCT_bounds_and_1G_converted_markers	PASS_TABLE_RECONCILIATION_ONLY; marker rows contained within published tract bounds and product/tetrad IDs reconciled	NOT_RUN_FASTQ_BAM_ABSENT	PUBLISHED_ONLY_NOT_RECALLED_FROM_ALL_FOUR_PRODUCTS	NOT_RUN_EXCLUDED_FROM_ALLELIC_ESTIMATE	NOT_RUN_EXCLUDED_FROM_ALLELIC_ESTIMATE	NOT_RUN_EXCLUDED_FROM_ALLELIC_ESTIMATE	NOT_RUN_NO_RAW_EVIDENCE_PACKET	PUBLISHED_DIRECTIONAL_CANDIDATE_NOT_RAW_REVALIDATED	EXCLUDED	NO_RAW_READ_REVALIDATION;NO_PER_TETRAD_CALLABLE_MASK;NO_CANDIDATE_PARALOG_MAPPING_COPY_QC;NO_EMPIRICAL_ERROR_MODEL	1781172
direct-gene-conversion-pilot-v1.0.0	D01_NCO_001	NCO-1	29	29_2	Chr5	NON_CROSSOVER	published background=Ler and converted=Col parental allele in one tetrad product	1	592	16568093	16568686	1	0	0	0	0	supplement_1D_NCO_bounds; supplement_2D_candidate-specific_PCR_primer_inventory	PASS_TABLE_RECONCILIATION_ONLY; duplicated-marker rows share product, parental direction, and bounds; primer event IDs inventoried	NOT_RUN_FASTQ_BAM_ABSENT	PUBLISHED_ONLY_NOT_RECALLED_FROM_ALL_FOUR_PRODUCTS	NOT_RUN_EXCLUDED_FROM_ALLELIC_ESTIMATE	NOT_RUN_EXCLUDED_FROM_ALLELIC_ESTIMATE	NOT_RUN_EXCLUDED_FROM_ALLELIC_ESTIMATE	NOT_RUN_NO_RAW_EVIDENCE_PACKET	PUBLISHED_DIRECTIONAL_CANDIDATE_NOT_RAW_REVALIDATED	EXCLUDED	NO_RAW_READ_REVALIDATION;NO_PER_TETRAD_CALLABLE_MASK;NO_CANDIDATE_PARALOG_MAPPING_COPY_QC;NO_EMPIRICAL_ERROR_MODEL	1781172
direct-gene-conversion-pilot-v1.0.0	D01_NCO_002	NCO-2	38	38_2	Chr3	NON_CROSSOVER	published background=Ler and converted=Col parental allele in one tetrad product	1	1868	22671897	22673766	1	0	0	0	0	supplement_1D_NCO_bounds; supplement_2D_candidate-specific_PCR_primer_inventory	PASS_TABLE_RECONCILIATION_ONLY; duplicated-marker rows share product, parental direction, and bounds; primer event IDs inventoried	NOT_RUN_FASTQ_BAM_ABSENT	PUBLISHED_ONLY_NOT_RECALLED_FROM_ALL_FOUR_PRODUCTS	NOT_RUN_EXCLUDED_FROM_ALLELIC_ESTIMATE	NOT_RUN_EXCLUDED_FROM_ALLELIC_ESTIMATE	NOT_RUN_EXCLUDED_FROM_ALLELIC_ESTIMATE	NOT_RUN_NO_RAW_EVIDENCE_PACKET	PUBLISHED_DIRECTIONAL_CANDIDATE_NOT_RAW_REVALIDATED	EXCLUDED	NO_RAW_READ_REVALIDATION;NO_PER_TETRAD_CALLABLE_MASK;NO_CANDIDATE_PARALOG_MAPPING_COPY_QC;NO_EMPIRICAL_ERROR_MODEL	1781172
direct-gene-conversion-pilot-v1.0.0	D01_NCO_003	NCO-3	40	40_1	Chr1	NON_CROSSOVER	published background=Col and converted=Ler parental allele in one tetrad product	13	2051	3562114	3564166	2	0	0	0	0	supplement_1D_NCO_bounds; supplement_2D_candidate-specific_PCR_primer_inventory	PASS_TABLE_RECONCILIATION_ONLY; duplicated-marker rows share product, parental direction, and bounds; primer event IDs inventoried	NOT_RUN_FASTQ_BAM_ABSENT	PUBLISHED_ONLY_NOT_RECALLED_FROM_ALL_FOUR_PRODUCTS	NOT_RUN_EXCLUDED_FROM_ALLELIC_ESTIMATE	NOT_RUN_EXCLUDED_FROM_ALLELIC_ESTIMATE	NOT_RUN_EXCLUDED_FROM_ALLELIC_ESTIMATE	NOT_RUN_NO_RAW_EVIDENCE_PACKET	PUBLISHED_DIRECTIONAL_CANDIDATE_NOT_RAW_REVALIDATED	EXCLUDED	NO_RAW_READ_REVALIDATION;NO_PER_TETRAD_CALLABLE_MASK;NO_CANDIDATE_PARALOG_MAPPING_COPY_QC;NO_EMPIRICAL_ERROR_MODEL	1781172
direct-gene-conversion-pilot-v1.0.0	D01_NCO_005	NCO-5	40	40_2	Chr5	NON_CROSSOVER	published background=Col and converted=Ler parental allele in one tetrad product	1	12981	2825460	2838442	1	1	1	0	0	supplement_1D_NCO_bounds; supplement_2D_candidate-specific_PCR_primer_inventory	PASS_TABLE_RECONCILIATION_ONLY; duplicated-marker rows share product, parental direction, and bounds; primer event IDs inventoried	NOT_RUN_FASTQ_BAM_ABSENT	PUBLISHED_ONLY_NOT_RECALLED_FROM_ALL_FOUR_PRODUCTS	NOT_RUN_EXCLUDED_FROM_ALLELIC_ESTIMATE	NOT_RUN_EXCLUDED_FROM_ALLELIC_ESTIMATE	NOT_RUN_EXCLUDED_FROM_ALLELIC_ESTIMATE	NOT_RUN_NO_RAW_EVIDENCE_PACKET	PUBLISHED_DIRECTIONAL_CANDIDATE_NOT_RAW_REVALIDATED	EXCLUDED	NO_RAW_READ_REVALIDATION;NO_PER_TETRAD_CALLABLE_MASK;NO_CANDIDATE_PARALOG_MAPPING_COPY_QC;NO_EMPIRICAL_ERROR_MODEL	1781172
direct-gene-conversion-pilot-v1.0.0	D01_NCO_006	NCO-6	40	40_4	Chr3	NON_CROSSOVER	published background=Ler and converted=Col parental allele in one tetrad product	54	1141	653545	654687	2	0	0	0	0	supplement_1D_NCO_bounds; supplement_2D_candidate-specific_PCR_primer_inventory	PASS_TABLE_RECONCILIATION_ONLY; duplicated-marker rows share product, parental direction, and bounds; primer event IDs inventoried	NOT_RUN_FASTQ_BAM_ABSENT	PUBLISHED_ONLY_NOT_RECALLED_FROM_ALL_FOUR_PRODUCTS	NOT_RUN_EXCLUDED_FROM_ALLELIC_ESTIMATE	NOT_RUN_EXCLUDED_FROM_ALLELIC_ESTIMATE	NOT_RUN_EXCLUDED_FROM_ALLELIC_ESTIMATE	NOT_RUN_NO_RAW_EVIDENCE_PACKET	PUBLISHED_DIRECTIONAL_CANDIDATE_NOT_RAW_REVALIDATED	EXCLUDED	NO_RAW_READ_REVALIDATION;NO_PER_TETRAD_CALLABLE_MASK;NO_CANDIDATE_PARALOG_MAPPING_COPY_QC;NO_EMPIRICAL_ERROR_MODEL	1781172
direct-gene-conversion-pilot-v1.0.0	D01_NCO_007	NCO-7	58	58_2	Chr1	NON_CROSSOVER	published background=Ler and converted=Col parental allele in one tetrad product	1	1313	29231900	29233214	1	0	0	0	0	supplement_1D_NCO_bounds; supplement_2D_candidate-specific_PCR_primer_inventory	PASS_TABLE_RECONCILIATION_ONLY; duplicated-marker rows share product, parental direction, and bounds; primer event IDs inventoried	NOT_RUN_FASTQ_BAM_ABSENT	PUBLISHED_ONLY_NOT_RECALLED_FROM_ALL_FOUR_PRODUCTS	NOT_RUN_EXCLUDED_FROM_ALLELIC_ESTIMATE	NOT_RUN_EXCLUDED_FROM_ALLELIC_ESTIMATE	NOT_RUN_EXCLUDED_FROM_ALLELIC_ESTIMATE	NOT_RUN_NO_RAW_EVIDENCE_PACKET	PUBLISHED_DIRECTIONAL_CANDIDATE_NOT_RAW_REVALIDATED	EXCLUDED	NO_RAW_READ_REVALIDATION;NO_PER_TETRAD_CALLABLE_MASK;NO_CANDIDATE_PARALOG_MAPPING_COPY_QC;NO_EMPIRICAL_ERROR_MODEL	1781172
direct-gene-conversion-pilot-v1.0.0	D01_NCO_008	NCO-8	58	58_3	Chr2	NON_CROSSOVER	published background=Col and converted=Ler parental allele in one tetrad product	1	2169	13925085	13927255	1	0	0	0	0	supplement_1D_NCO_bounds; supplement_2D_candidate-specific_PCR_primer_inventory	PASS_TABLE_RECONCILIATION_ONLY; duplicated-marker rows share product, parental direction, and bounds; primer event IDs inventoried	NOT_RUN_FASTQ_BAM_ABSENT	PUBLISHED_ONLY_NOT_RECALLED_FROM_ALL_FOUR_PRODUCTS	NOT_RUN_EXCLUDED_FROM_ALLELIC_ESTIMATE	NOT_RUN_EXCLUDED_FROM_ALLELIC_ESTIMATE	NOT_RUN_EXCLUDED_FROM_ALLELIC_ESTIMATE	NOT_RUN_NO_RAW_EVIDENCE_PACKET	PUBLISHED_DIRECTIONAL_CANDIDATE_NOT_RAW_REVALIDATED	EXCLUDED	NO_RAW_READ_REVALIDATION;NO_PER_TETRAD_CALLABLE_MASK;NO_CANDIDATE_PARALOG_MAPPING_COPY_QC;NO_EMPIRICAL_ERROR_MODEL	1781172
direct-gene-conversion-pilot-v1.0.0	D01_NCO_010	NCO-10	58	58_4	Chr3	NON_CROSSOVER	published background=Col and converted=Ler parental allele in one tetrad product	1	4124	10121358	10125483	1	0	0	0	0	supplement_1D_NCO_bounds; supplement_2D_candidate-specific_PCR_primer_inventory	PASS_TABLE_RECONCILIATION_ONLY; duplicated-marker rows share product, parental direction, and bounds; primer event IDs inventoried	NOT_RUN_FASTQ_BAM_ABSENT	PUBLISHED_ONLY_NOT_RECALLED_FROM_ALL_FOUR_PRODUCTS	NOT_RUN_EXCLUDED_FROM_ALLELIC_ESTIMATE	NOT_RUN_EXCLUDED_FROM_ALLELIC_ESTIMATE	NOT_RUN_EXCLUDED_FROM_ALLELIC_ESTIMATE	NOT_RUN_NO_RAW_EVIDENCE_PACKET	PUBLISHED_DIRECTIONAL_CANDIDATE_NOT_RAW_REVALIDATED	EXCLUDED	NO_RAW_READ_REVALIDATION;NO_PER_TETRAD_CALLABLE_MASK;NO_CANDIDATE_PARALOG_MAPPING_COPY_QC;NO_EMPIRICAL_ERROR_MODEL	1781172
direct-gene-conversion-pilot-v1.0.0	D01_NCO_011	NCO-11	62	62_1	Chr5	NON_CROSSOVER	published background=Ler and converted=Col parental allele in one tetrad product	282	9795	22714374	22724170	2	1	1	0	0	supplement_1D_NCO_bounds; supplement_2D_candidate-specific_PCR_primer_inventory	PASS_TABLE_RECONCILIATION_ONLY; duplicated-marker rows share product, parental direction, and bounds; primer event IDs inventoried	NOT_RUN_FASTQ_BAM_ABSENT	PUBLISHED_ONLY_NOT_RECALLED_FROM_ALL_FOUR_PRODUCTS	NOT_RUN_EXCLUDED_FROM_ALLELIC_ESTIMATE	NOT_RUN_EXCLUDED_FROM_ALLELIC_ESTIMATE	NOT_RUN_EXCLUDED_FROM_ALLELIC_ESTIMATE	NOT_RUN_NO_RAW_EVIDENCE_PACKET	PUBLISHED_DIRECTIONAL_CANDIDATE_NOT_RAW_REVALIDATED	EXCLUDED	NO_RAW_READ_REVALIDATION;NO_PER_TETRAD_CALLABLE_MASK;NO_CANDIDATE_PARALOG_MAPPING_COPY_QC;NO_EMPIRICAL_ERROR_MODEL	1781172
direct-gene-conversion-pilot-v1.0.0	D01_NCO_012	NCO-12	62	62_1	Chr5	NON_CROSSOVER	published background=Ler and converted=Col parental allele in one tetrad product	1	4710	23231108	23235819	1	1	0	1	0	supplement_1D_NCO_bounds; supplement_2D_candidate-specific_PCR_primer_inventory	PASS_TABLE_RECONCILIATION_ONLY; duplicated-marker rows share product, parental direction, and bounds; primer event IDs inventoried	NOT_RUN_FASTQ_BAM_ABSENT	PUBLISHED_ONLY_NOT_RECALLED_FROM_ALL_FOUR_PRODUCTS	NOT_RUN_EXCLUDED_FROM_ALLELIC_ESTIMATE	NOT_RUN_EXCLUDED_FROM_ALLELIC_ESTIMATE	NOT_RUN_EXCLUDED_FROM_ALLELIC_ESTIMATE	NOT_RUN_NO_RAW_EVIDENCE_PACKET	PUBLISHED_DIRECTIONAL_CANDIDATE_NOT_RAW_REVALIDATED	EXCLUDED	NO_RAW_READ_REVALIDATION;NO_PER_TETRAD_CALLABLE_MASK;NO_CANDIDATE_PARALOG_MAPPING_COPY_QC;NO_EMPIRICAL_ERROR_MODEL	1781172
direct-gene-conversion-pilot-v1.0.0	D01_NCO_013	NCO-13	62	62_1	Chr4	NON_CROSSOVER	published background=Col and converted=Ler parental allele in one tetrad product	1	2174	16210149	16212324	1	1	0	1	0	supplement_1D_NCO_bounds; supplement_2D_candidate-specific_PCR_primer_inventory	PASS_TABLE_RECONCILIATION_ONLY; duplicated-marker rows share product, parental direction, and bounds; primer event IDs inventoried	NOT_RUN_FASTQ_BAM_ABSENT	PUBLISHED_ONLY_NOT_RECALLED_FROM_ALL_FOUR_PRODUCTS	NOT_RUN_EXCLUDED_FROM_ALLELIC_ESTIMATE	NOT_RUN_EXCLUDED_FROM_ALLELIC_ESTIMATE	NOT_RUN_EXCLUDED_FROM_ALLELIC_ESTIMATE	NOT_RUN_NO_RAW_EVIDENCE_PACKET	PUBLISHED_DIRECTIONAL_CANDIDATE_NOT_RAW_REVALIDATED	EXCLUDED	NO_RAW_READ_REVALIDATION;NO_PER_TETRAD_CALLABLE_MASK;NO_CANDIDATE_PARALOG_MAPPING_COPY_QC;NO_EMPIRICAL_ERROR_MODEL	1781172
direct-gene-conversion-pilot-v1.0.0	D01_NCO_014	NCO-14	62	62_1	Chr4	NON_CROSSOVER	published background=Col and converted=Ler parental allele in one tetrad product	1	2694	18206405	18209100	1	1	1	0	0	supplement_1D_NCO_bounds; supplement_2D_candidate-specific_PCR_primer_inventory	PASS_TABLE_RECONCILIATION_ONLY; duplicated-marker rows share product, parental direction, and bounds; primer event IDs inventoried	NOT_RUN_FASTQ_BAM_ABSENT	PUBLISHED_ONLY_NOT_RECALLED_FROM_ALL_FOUR_PRODUCTS	NOT_RUN_EXCLUDED_FROM_ALLELIC_ESTIMATE	NOT_RUN_EXCLUDED_FROM_ALLELIC_ESTIMATE	NOT_RUN_EXCLUDED_FROM_ALLELIC_ESTIMATE	NOT_RUN_NO_RAW_EVIDENCE_PACKET	PUBLISHED_DIRECTIONAL_CANDIDATE_NOT_RAW_REVALIDATED	EXCLUDED	NO_RAW_READ_REVALIDATION;NO_PER_TETRAD_CALLABLE_MASK;NO_CANDIDATE_PARALOG_MAPPING_COPY_QC;NO_EMPIRICAL_ERROR_MODEL	1781172
direct-gene-conversion-pilot-v1.0.0	D01_NCO_015	NCO-15	62	62_3	Chr3	NON_CROSSOVER	published background=Col and converted=Ler parental allele in one tetrad product	275	2499	20571177	20573677	2	2	2	0	0	supplement_1D_NCO_bounds; supplement_2D_candidate-specific_PCR_primer_inventory	PASS_TABLE_RECONCILIATION_ONLY; duplicated-marker rows share product, parental direction, and bounds; primer event IDs inventoried	NOT_RUN_FASTQ_BAM_ABSENT	PUBLISHED_ONLY_NOT_RECALLED_FROM_ALL_FOUR_PRODUCTS	NOT_RUN_EXCLUDED_FROM_ALLELIC_ESTIMATE	NOT_RUN_EXCLUDED_FROM_ALLELIC_ESTIMATE	NOT_RUN_EXCLUDED_FROM_ALLELIC_ESTIMATE	NOT_RUN_NO_RAW_EVIDENCE_PACKET	PUBLISHED_DIRECTIONAL_CANDIDATE_NOT_RAW_REVALIDATED	EXCLUDED	NO_RAW_READ_REVALIDATION;NO_PER_TETRAD_CALLABLE_MASK;NO_CANDIDATE_PARALOG_MAPPING_COPY_QC;NO_EMPIRICAL_ERROR_MODEL	1781172
direct-gene-conversion-pilot-v1.0.0	D01_NCO_016	NCO-16	62	62_4	Chr5	NON_CROSSOVER	published background=Ler and converted=Col parental allele in one tetrad product	1	1180	1036027	1037208	1	1	1	0	0	supplement_1D_NCO_bounds; supplement_2D_candidate-specific_PCR_primer_inventory	PASS_TABLE_RECONCILIATION_ONLY; duplicated-marker rows share product, parental direction, and bounds; primer event IDs inventoried	NOT_RUN_FASTQ_BAM_ABSENT	PUBLISHED_ONLY_NOT_RECALLED_FROM_ALL_FOUR_PRODUCTS	NOT_RUN_EXCLUDED_FROM_ALLELIC_ESTIMATE	NOT_RUN_EXCLUDED_FROM_ALLELIC_ESTIMATE	NOT_RUN_EXCLUDED_FROM_ALLELIC_ESTIMATE	NOT_RUN_NO_RAW_EVIDENCE_PACKET	PUBLISHED_DIRECTIONAL_CANDIDATE_NOT_RAW_REVALIDATED	EXCLUDED	NO_RAW_READ_REVALIDATION;NO_PER_TETRAD_CALLABLE_MASK;NO_CANDIDATE_PARALOG_MAPPING_COPY_QC;NO_EMPIRICAL_ERROR_MODEL	1781172
