dataset_id	scientific_name	taxon_id	assembly_accession_version	provider	release	fasta_source_uri	fasta_upstream_md5	fasta_sha256	fasta_size_bytes	gff_source_uri	gff_upstream_md5	gff_sha256	gff_size_bytes	annotation_native_exact_reference	genetic_code
acyrthosiphon.pisum.tier3c	Acyrthosiphon pisum	7029	GCF_005508785.2	NCBI RefSeq	2022/05/11 00:00	https://ftp.ncbi.nlm.nih.gov/genomes/all/GCF/005/508/785/GCF_005508785.2_pea_aphid_22Mar2018_4r6ur_v2/GCF_005508785.2_pea_aphid_22Mar2018_4r6ur_v2_genomic.fna.gz	af3871713c80765fd0bc477d8571cc19	0f0b70d2e796f81ed4e91a970bbf16ff3ea656e74df6fc23b512c4d5874e2dac	167804805	https://ftp.ncbi.nlm.nih.gov/genomes/all/GCF/005/508/785/GCF_005508785.2_pea_aphid_22Mar2018_4r6ur_v2/GCF_005508785.2_pea_aphid_22Mar2018_4r6ur_v2_genomic.gff.gz	86bd85148c8191d2c3029694f5a9e0f4	5f6f553e50d7c2691925d70bf5aa75145c1c7ba2956c5988fef09ae0c7e7849a	10156145	True	1
aedes.aegypti.tier3c	Aedes aegypti	7159	GCF_002204515.2	NCBI RefSeq	2017/06/27 00:00	https://ftp.ncbi.nlm.nih.gov/genomes/all/GCF/002/204/515/GCF_002204515.2_AaegL5.0/GCF_002204515.2_AaegL5.0_genomic.fna.gz	e50234909f18d446909a559848a191b8	9d652169b9d15f93cda7f6eb6714c090423c8ed640c4298deaa31d78b9b081d3	430585236	https://ftp.ncbi.nlm.nih.gov/genomes/all/GCF/002/204/515/GCF_002204515.2_AaegL5.0/GCF_002204515.2_AaegL5.0_genomic.gff.gz	c764e3e9ee51b93f8c2dd0f2a9f08f09	15b042e322ab9f0f03b0bb88e2bb905e62f19ed31c9674da592bfdc5d600150c	7651742	True	1
agelaius.phoeniceus.tier3c	Agelaius phoeniceus	39638	GCF_051311805.1	NCBI RefSeq	2025/07/14 00:00	https://ftp.ncbi.nlm.nih.gov/genomes/all/GCF/051/311/805/GCF_051311805.1_bAgePho1.hap1/GCF_051311805.1_bAgePho1.hap1_genomic.fna.gz	5242ba11b0c577642326b0a5046d4199	221444d76648be6daf6507e1b83057809cd4b4797e9e30083889f959198ef2f1	385885577	https://ftp.ncbi.nlm.nih.gov/genomes/all/GCF/051/311/805/GCF_051311805.1_bAgePho1.hap1/GCF_051311805.1_bAgePho1.hap1_genomic.gff.gz	9dd07ed0cc7eff19742f11f1c70efb2e	057e1022f9d4af3bd7a1a316acf8e676d0565231b8c3811309ce13490febce07	17374236	True	1
ailuropoda.melanoleuca.tier3c	Ailuropoda melanoleuca	9646	GCF_002007445.2	NCBI RefSeq	2022/04/13 00:00	https://ftp.ncbi.nlm.nih.gov/genomes/all/GCF/002/007/445/GCF_002007445.2_ASM200744v3/GCF_002007445.2_ASM200744v3_genomic.fna.gz	d554768fcfbe80c03ea969fda1e75501	524afde8a774628f095cd69712c724fb762e14c86aa70f200151af9d01861f2a	797869845	https://ftp.ncbi.nlm.nih.gov/genomes/all/GCF/002/007/445/GCF_002007445.2_ASM200744v3/GCF_002007445.2_ASM200744v3_genomic.gff.gz	9ad56570bd0a8b2d290b78d50eb23c7c	f70c7af27b604c1c50e1875650740d0aa59d50b8869e938c486a733ca318480e	23340091	True	1
amphimedon.queenslandica.tier3c	Amphimedon queenslandica	400682	GCF_000090795.2	NCBI RefSeq	2022/07/26 00:00	https://ftp.ncbi.nlm.nih.gov/genomes/all/GCF/000/090/795/GCF_000090795.2_v1.1/GCF_000090795.2_v1.1_genomic.fna.gz	6f7afac98a5d09f47c8d2793636ec0de	3ba1a0959b2a7062be910da03546ccd8043e220e05f0c874453930c5d174c339	47774951	https://ftp.ncbi.nlm.nih.gov/genomes/all/GCF/000/090/795/GCF_000090795.2_v1.1/GCF_000090795.2_v1.1_genomic.gff.gz	a10a349dd3606595c5e14e3db374cd92	cd2e9c865f6264b8287b5f9fc5f9d8779a7bedf4210399dbf8ef0f1c58cf4127	8915355	True	1
anopheles.arabiensis.tier3c	Anopheles arabiensis	7173	GCF_016920715.1	NCBI RefSeq	2021/03/10 00:00	https://ftp.ncbi.nlm.nih.gov/genomes/all/GCF/016/920/715/GCF_016920715.1_AaraD3/GCF_016920715.1_AaraD3_genomic.fna.gz	e1d75100450f0b05f9d20a7e86c303a4	68aa693543a9f293bfaa4635a4984451ccaf79d2aa8cf3576168dd22395ec1f1	82914256	https://ftp.ncbi.nlm.nih.gov/genomes/all/GCF/016/920/715/GCF_016920715.1_AaraD3/GCF_016920715.1_AaraD3_genomic.gff.gz	f4153e1dcdbe28a7d3fc9bcd5b002cfd	7157267cad727a342851da1079ebfb3a9b80f00634eaeeb974b2bc651d890e5a	6428125	True	1
anopheles.gambiae.tier3c	Anopheles gambiae	7165	GCF_943734735.2	NCBI RefSeq	2023/01/19 00:00	https://ftp.ncbi.nlm.nih.gov/genomes/all/GCF/943/734/735/GCF_943734735.2_idAnoGambNW_F1_1/GCF_943734735.2_idAnoGambNW_F1_1_genomic.fna.gz	e904a3da11d0e2d9714e964b3f36ed25	eda4a91ead57f6d2d6ceaae69d91ab2e553ceb5ace63c8d88e589b0345f11244	84598537	https://ftp.ncbi.nlm.nih.gov/genomes/all/GCF/943/734/735/GCF_943734735.2_idAnoGambNW_F1_1/GCF_943734735.2_idAnoGambNW_F1_1_genomic.gff.gz	59b24edc093b8a100cadc484f62a613d	238a0098d32c8295e5e071369534b98aee7cdae34cfd84cd9dd12197ffff983a	7687873	True	1
anopheles.merus.tier3c	Anopheles merus	30066	GCF_017562075.2	NCBI RefSeq	2021/04/26 00:00	https://ftp.ncbi.nlm.nih.gov/genomes/all/GCF/017/562/075/GCF_017562075.2_AmerM5.1/GCF_017562075.2_AmerM5.1_genomic.fna.gz	75e41ae5369381b9dc598360209b1358	19f5d1b38c9a00746ddf688eb121ea5e0c315aeef053e26539b455351d28125f	93262342	https://ftp.ncbi.nlm.nih.gov/genomes/all/GCF/017/562/075/GCF_017562075.2_AmerM5.1/GCF_017562075.2_AmerM5.1_genomic.gff.gz	a25f5de4e1730cd4c7216f13815f3864	eb76ce2e669d2bf549b5123d9fe31604151ac1145ab147c33fe250f7c0df760f	7071512	True	1
anopheles.quadriannulatus.tier3c	Anopheles quadriannulatus	34691	GCA_000349065.1	NCBI GenBank	2013/04/08 00:00	https://ftp.ncbi.nlm.nih.gov/genomes/all/GCA/000/349/065/GCA_000349065.1_Anop_quad_QUAD4_A_V1/GCA_000349065.1_Anop_quad_QUAD4_A_V1_genomic.fna.gz	7ac7f62156f08c2a0b917171f214fefe	2e4adb6cc4a62f38f1a76f014dd358f12f13158b8c12c0cd6a5abd749499e0e8	72726068					False	
apis.cerana.tier3c	Apis cerana	7461	GCF_029169275.1	NCBI RefSeq	2023/03/14 00:00	https://ftp.ncbi.nlm.nih.gov/genomes/all/GCF/029/169/275/GCF_029169275.1_AcerK_1.0/GCF_029169275.1_AcerK_1.0_genomic.fna.gz	36c47c297a995cb339c589e347ce3a4c	61d9aa06a311adf8b610388997a74f568b58fbc6d362b1022a4d84fbbbf4e007	72882145	https://ftp.ncbi.nlm.nih.gov/genomes/all/GCF/029/169/275/GCF_029169275.1_AcerK_1.0/GCF_029169275.1_AcerK_1.0_genomic.gff.gz	07a1720414b66e19f4633385cdfc7e9b	3c7a1180d389bc4087360d793d8b1198368345eec18e9253d25807a7a05708c3	9532932	True	1
apis.mellifera.tier3c	Apis mellifera	7460	GCF_003254395.2	NCBI RefSeq	2018/09/10 00:00	https://ftp.ncbi.nlm.nih.gov/genomes/all/GCF/003/254/395/GCF_003254395.2_Amel_HAv3.1/GCF_003254395.2_Amel_HAv3.1_genomic.fna.gz	2e53aa9ba7040a7b8cad2383faa58fa3	7fd6924b76400008d798d184dfeb18d97d189e6e50b95579d8c5fc9ab99142db	73191176	https://ftp.ncbi.nlm.nih.gov/genomes/all/GCF/003/254/395/GCF_003254395.2_Amel_HAv3.1/GCF_003254395.2_Amel_HAv3.1_genomic.gff.gz	1131d4a4996935cbee56f86fc94c185f	57fdf1adb22259ac8a97b10738298d80f00869ac7b28c4fe31e90937eac6b546	8292253	True	1
aporrectodea.icterica.tier3c	Aporrectodea icterica	332519	GCA_963556255.1	NCBI GenBank	2023/10/13 00:00	https://ftp.ncbi.nlm.nih.gov/genomes/all/GCA/963/556/255/GCA_963556255.1_wcApoIcte1.1/GCA_963556255.1_wcApoIcte1.1_genomic.fna.gz	c679524541f1efcc8ce9c662f952f560	fb60c6eb999488f703a2047c8a7eaa2f788f23fd9862cb44f6a2578f61e0bdbf	362089156					False	
aptenodytes.patagonicus.tier3c	Aptenodytes patagonicus	9234	GCF_965638725.1	NCBI RefSeq	2025/07/09 00:00	https://ftp.ncbi.nlm.nih.gov/genomes/all/GCF/965/638/725/GCF_965638725.1_bAptPat1.pri.cur/GCF_965638725.1_bAptPat1.pri.cur_genomic.fna.gz	9faf239c1c85156c101e570b238e251b	e5a58a30dc44ce24f1d8b2133b5fbe8cefdc5464b0929a912bfc961dc0a27305	434631863	https://ftp.ncbi.nlm.nih.gov/genomes/all/GCF/965/638/725/GCF_965638725.1_bAptPat1.pri.cur/GCF_965638725.1_bAptPat1.pri.cur_genomic.gff.gz	9a6cf670c32d65629567d325b20a5f48	5538866a3317aa8d589e7187325cc09091973a9fafb7059ba26613505389bdf5	15767362	True	1
armadillidium.nasatum.tier3c	Armadillidium nasatum	96803	GCA_009176605.1	NCBI GenBank	2019/10/18 00:00	https://ftp.ncbi.nlm.nih.gov/genomes/all/GCA/009/176/605/GCA_009176605.1_CNRS_Arma_nasa_1.0/GCA_009176605.1_CNRS_Arma_nasa_1.0_genomic.fna.gz	de787a5277d2c1c823ec011aa84be377	4b2c74b79ecab745a4c87d2a6a66c7b07df3989de239a926775c9b332b780922	352610762	https://ftp.ncbi.nlm.nih.gov/genomes/all/GCA/009/176/605/GCA_009176605.1_CNRS_Arma_nasa_1.0/GCA_009176605.1_CNRS_Arma_nasa_1.0_genomic.gff.gz	a36d218bedfe2abb91692caad72dc451	d7b75d82bb45a2cdf664d1f9497528ac4297fede81c022731a067361e54c1ce5	5265399	True	1
armadillidium.vulgare.tier3c	Armadillidium vulgare	13347	GCA_051530015.1	NCBI GenBank	2025/07/24 00:00	https://ftp.ncbi.nlm.nih.gov/genomes/all/GCA/051/530/015/GCA_051530015.1_Avulg_BH_1.0/GCA_051530015.1_Avulg_BH_1.0_genomic.fna.gz	d7b445df95e518b19311d5347a56c54f	cb21bc042cf601688778e8548e5559fce029fccb838d293b4567de0bf00ea0a3	563065878	https://ftp.ncbi.nlm.nih.gov/genomes/all/GCA/051/530/015/GCA_051530015.1_Avulg_BH_1.0/GCA_051530015.1_Avulg_BH_1.0_genomic.gff.gz	9f9dbacd93567b9f96e95da7ab65ceed	db990db109b2792207621aff9f9f2a017e03e7c0b4677c263d4e3d8c009dc4d6	4885539	True	1
artemia.franciscana.tier3c	Artemia franciscana	6661	GCF_032884065.1	NCBI RefSeq	2023/10/23 00:00	https://ftp.ncbi.nlm.nih.gov/genomes/all/GCF/032/884/065/GCF_032884065.1_ASM3288406v1/GCF_032884065.1_ASM3288406v1_genomic.fna.gz	ef49781fe2246deab4c683e2508e3db3	73450c7153c18c1d272e02873def0be52cf8740f2489ee3b9a9c9a583a3dbfff	390190598	https://ftp.ncbi.nlm.nih.gov/genomes/all/GCF/032/884/065/GCF_032884065.1_ASM3288406v1/GCF_032884065.1_ASM3288406v1_genomic.gff.gz	3823b462dd324a07d154615501503654	5ad87b09482b7e27ae48c45fde5387a143f4dc7dc612a970a992088e1b0c7ff8	9025050	True	1
balaenoptera.bonaerensis.tier3c	Balaenoptera bonaerensis	33556	GCA_000978805.1	NCBI GenBank	2015/04/23 00:00	https://ftp.ncbi.nlm.nih.gov/genomes/all/GCA/000/978/805/GCA_000978805.1_ASM97880v1/GCA_000978805.1_ASM97880v1_genomic.fna.gz	0af9d3410e25cf2f9b4171d8a7b2fa77	5c25e1436dafd16b9e76f8a192854a7d3e595de6d577ab09eb805a44c553990b	763447002					False	
bombyx.mandarina.tier3c	Bombyx mandarina	7092	GCF_003987935.1	NCBI RefSeq	2018/12/31 00:00	https://ftp.ncbi.nlm.nih.gov/genomes/all/GCF/003/987/935/GCF_003987935.1_ASM398793v1/GCF_003987935.1_ASM398793v1_genomic.fna.gz	55320fa342f3814e2a96d8f9771d02bd	b685e929dac348f9edce9773b2e4acf0d246885721aa62d10c37655534585f01	133343726	https://ftp.ncbi.nlm.nih.gov/genomes/all/GCF/003/987/935/GCF_003987935.1_ASM398793v1/GCF_003987935.1_ASM398793v1_genomic.gff.gz	79af8de288b837c6a496d0bfb754bd3c	b0f9fcc644554de8c4af0f68cec2408bd49576fb25751e644d50c2b9fcc266bd	6343895	True	1
bos.taurus.tier3c	Bos taurus	9913	GCF_002263795.3	NCBI RefSeq	2023/08/08 00:00	https://ftp.ncbi.nlm.nih.gov/genomes/all/GCF/002/263/795/GCF_002263795.3_ARS-UCD2.0/GCF_002263795.3_ARS-UCD2.0_genomic.fna.gz	b856ff696adbb5bebd858cd28c96878a	9d437812b3b0296dc07704d1b4baeaf28ba972c09bcd257af53fb0ddde521b94	906536432	https://ftp.ncbi.nlm.nih.gov/genomes/all/GCF/002/263/795/GCF_002263795.3_ARS-UCD2.0/GCF_002263795.3_ARS-UCD2.0_genomic.gff.gz	06021909c32a6d43b2a21ca06430b052	1464f1f7d621e6d845501fa0756335fbd7935e4202db2f20a6567a6389b13454	31634939	True	1
caenorhabditis.elegans.tier3c	Caenorhabditis elegans	6239	GCF_000002985.6	NCBI RefSeq	2013/03/04 00:00	https://ftp.ncbi.nlm.nih.gov/genomes/all/GCF/000/002/985/GCF_000002985.6_WBcel235/GCF_000002985.6_WBcel235_genomic.fna.gz	177a91ec15063e305188306b7e709cb1	4fdb7e37e6bddef3e13c534e3a8aabc4a45c9385500989df98f868bdd05d818b	33288126	https://ftp.ncbi.nlm.nih.gov/genomes/all/GCF/000/002/985/GCF_000002985.6_WBcel235/GCF_000002985.6_WBcel235_genomic.gff.gz	1656bccd184bf57434724f35bea89738	47ea571a4bd1d0640467da00a2ff43f71c7a9c7f250f17df3bbf378d9d98b415	11254650	True	1
callithrix.jacchus.tier3c	Callithrix jacchus	9483	GCF_049354715.1	NCBI RefSeq	2025/04/08 00:00	https://ftp.ncbi.nlm.nih.gov/genomes/all/GCF/049/354/715/GCF_049354715.1_calJac240_pri/GCF_049354715.1_calJac240_pri_genomic.fna.gz	c3b189f4b3aaf78f157cfe4495896aa0	9f11fa44fa45262a4d49f608fc3dbdb6aa33d8e403a0a1a85693d0a2609a7b79	956397510	https://ftp.ncbi.nlm.nih.gov/genomes/all/GCF/049/354/715/GCF_049354715.1_calJac240_pri/GCF_049354715.1_calJac240_pri_genomic.gff.gz	efe810333b08da5e416f65165d6306b2	b074c75d3389fa78ff91e4ab8a920aae42367817148162f1c5c981cd46460b9a	52165132	True	1
canis.lupus.tier3c	Canis lupus	143281	GCF_048164855.1	NCBI RefSeq	2025/02/27 00:00	https://ftp.ncbi.nlm.nih.gov/genomes/all/GCF/048/164/855/GCF_048164855.1_mCanLup2.hap1/GCF_048164855.1_mCanLup2.hap1_genomic.fna.gz	b119e2e7c24fd192bf98f6253fa2811a	20488c724a655ebb8a21f1d33d7cd43dae36b7f037929d1c14d777fa9c02e53d	812872774	https://ftp.ncbi.nlm.nih.gov/genomes/all/GCF/048/164/855/GCF_048164855.1_mCanLup2.hap1/GCF_048164855.1_mCanLup2.hap1_genomic.gff.gz	46b2e29b9a9d287f3d630864cd46b3df	a305249f46d9441cb730d6a1781c67b8ec7ef7dec20cdf4ad66f21db57320d32	32339568	True	1
carcinus.aestuarii.tier3c	Carcinus aestuarii	53602	GCA_977112055.2	NCBI GenBank	2026/04/19 00:00	https://ftp.ncbi.nlm.nih.gov/genomes/all/GCA/977/112/055/GCA_977112055.2_qmCarAest1.2/GCA_977112055.2_qmCarAest1.2_genomic.fna.gz	2c8554abff0f20ac24b4ae7e6d57b2b0	9daf7204c191a1cc76bb03a459d0b00c974b8313953b8eaf2bb9bb949d4f8e3f	297972746					False	
cecidostiba.fungosa.tier3c	Cecidostiba fungosa	797374	GCA_900474305.1	NCBI GenBank	2018/07/06 00:00	https://ftp.ncbi.nlm.nih.gov/genomes/all/GCA/900/474/305/GCA_900474305.1_Cfun/GCA_900474305.1_Cfun_genomic.fna.gz	e973fe3682dfad530d9e15557a9a42a8	baa42567ca300251fe0496c5492b08f294232860899490b48c7e4c04d96e088f	64248067					False	
ceratitis.capitata.tier3c	Ceratitis capitata	7213	GCF_000347755.3	NCBI RefSeq	2017/12/11 00:00	https://ftp.ncbi.nlm.nih.gov/genomes/all/GCF/000/347/755/GCF_000347755.3_Ccap_2.1/GCF_000347755.3_Ccap_2.1_genomic.fna.gz	5dc9705c299c8c02504ebd63a9bb1869	b3e1cbc8be54405b18a96820f2287c2f3adc358de884dd6efdc38fe80b7b482f	148488212	https://ftp.ncbi.nlm.nih.gov/genomes/all/GCF/000/347/755/GCF_000347755.3_Ccap_2.1/GCF_000347755.3_Ccap_2.1_genomic.gff.gz	e5f9fcb4a8e2fac867f79200e7fc47fe	02a5bc71e3aa2ef92c121a3926b3fa05b129cf06223d69da8815c6d94ee7e38d	6096558	True	1
chlorocebus.aethiops.tier3c	Chlorocebus aethiops	9534	GCA_023783515.1	NCBI GenBank	2022/06/18 00:00	https://ftp.ncbi.nlm.nih.gov/genomes/all/GCA/023/783/515/GCA_023783515.1_ASM2378351v1/GCA_023783515.1_ASM2378351v1_genomic.fna.gz	df0dd2b56342caf557c1e0766ad78da4	9eac80ff7f832bad74bc7d80e12635de31f7581eaf77b8d08016ebdbb1a1e26e	929969806					False	
ciona.intestinalis.tier3c	Ciona intestinalis	7719	GCF_018327825.1	NCBI RefSeq	2025/11/21 00:00	https://ftp.ncbi.nlm.nih.gov/genomes/all/GCF/018/327/825/GCF_018327825.1_ASM1832782v2/GCF_018327825.1_ASM1832782v2_genomic.fna.gz	c9eacbcc32a5182a496cfa7e057b9aa2	c1275124c318ff9a829c0cfbc84b88ba64e9a593405df4a996bb8c230edde5a1	44605178	https://ftp.ncbi.nlm.nih.gov/genomes/all/GCF/018/327/825/GCF_018327825.1_ASM1832782v2/GCF_018327825.1_ASM1832782v2_genomic.gff.gz	5acd9a693eea48d5a944fa7f7273cf21	5a476c44c11330dc9a950e4d9be41c9a770460cdc2d8da2ce5aa07879498870f	8614639	True	1
ciona.savignyi.tier3c	Ciona savignyi	51511	GCA_054131345.1	NCBI GenBank	2025/12/23 00:00	https://ftp.ncbi.nlm.nih.gov/genomes/all/GCA/054/131/345/GCA_054131345.1_ASM5413134v1/GCA_054131345.1_ASM5413134v1_genomic.fna.gz	b16349fcd55225665dd464d7d4a04656	9b840a41e72fb00595b50e45efa4bcef2341e4879757b2c0412aee415d862ee7	64028371					False	
crassostrea.gigas.tier3c	Crassostrea gigas	29159	GCF_963853765.1	NCBI RefSeq	2023/12/13 00:00	https://ftp.ncbi.nlm.nih.gov/genomes/all/GCF/963/853/765/GCF_963853765.1_xbMagGiga1.1/GCF_963853765.1_xbMagGiga1.1_genomic.fna.gz	e1d6d4f1a8f9c5cd87bb006dd5fd9f98	47849889a031f696e873902b7c3f04adc5acf0f3137790fd3e234148bb5249fe	183715815	https://ftp.ncbi.nlm.nih.gov/genomes/all/GCF/963/853/765/GCF_963853765.1_xbMagGiga1.1/GCF_963853765.1_xbMagGiga1.1_genomic.gff.gz	f358436291fd77299046268947f8d6bb	c4e99fc4a416105fc7f71a303b0fd10023e125535faf317c7121562f19c08189	19202177	True	1
culex.pipiens.tier3c	Culex pipiens	42434	GCF_016801865.2	NCBI RefSeq	2022/08/05 00:00	https://ftp.ncbi.nlm.nih.gov/genomes/all/GCF/016/801/865/GCF_016801865.2_TS_CPP_V2/GCF_016801865.2_TS_CPP_V2_genomic.fna.gz	fc17d311eb89c94301821d22c8580cd2	6f67e9495dc9142b5b4a241d83590cb0d2a720676d28427ca3286e647a46e85f	181612772	https://ftp.ncbi.nlm.nih.gov/genomes/all/GCF/016/801/865/GCF_016801865.2_TS_CPP_V2/GCF_016801865.2_TS_CPP_V2_genomic.gff.gz	1ae66c66d45201f784e7abe9cf163e4d	7c95b03eb12b7c16d816ca1658caf6d4f433e710261555d0d1dcb1e18defebc3	6345721	True	1
cynoglossus.semilaevis.tier3c	Cynoglossus semilaevis	244447	GCF_000523025.1	NCBI RefSeq	2014/01/29 00:00	https://ftp.ncbi.nlm.nih.gov/genomes/all/GCF/000/523/025/GCF_000523025.1_Cse_v1.0/GCF_000523025.1_Cse_v1.0_genomic.fna.gz	d27985580511d29dd7c316da61340467	8bd55578fcd155d7996e2c2d2f9c80d6e0e6fc293934f2432c4f061578074ede	150641660	https://ftp.ncbi.nlm.nih.gov/genomes/all/GCF/000/523/025/GCF_000523025.1_Cse_v1.0/GCF_000523025.1_Cse_v1.0_genomic.gff.gz	c04d954307257cbf6889ca797b0fafd8	3a3a09a33149c2d2abb7ecdd609316627f844c3b189ede616a45eb2ef8f5a0ef	17297130	True	1
danio.rerio.tier3c	Danio rerio	7955	GCF_049306965.1	NCBI RefSeq	2025/04/04 00:00	https://ftp.ncbi.nlm.nih.gov/genomes/all/GCF/049/306/965/GCF_049306965.1_GRCz12tu/GCF_049306965.1_GRCz12tu_genomic.fna.gz	eb074402543deba98a52a1ae726398e3	922689be0c9c42874c301e583da3ab862eaf44cc3cb447b1237c27a1cb3d110d	459488871	https://ftp.ncbi.nlm.nih.gov/genomes/all/GCF/049/306/965/GCF_049306965.1_GRCz12tu/GCF_049306965.1_GRCz12tu_genomic.gff.gz	cd74b45600e4e5b44fe4d1e78dd1e2d4	305718cc2252f29b009b6f4b9accc0fae58fa809b26c8b6756e662a325998a83	49213249	True	1
daphnia.magna.tier3c	Daphnia magna	35525	GCF_020631705.1	NCBI RefSeq	2021/11/08 00:00	https://ftp.ncbi.nlm.nih.gov/genomes/all/GCF/020/631/705/GCF_020631705.1_ASM2063170v1.1/GCF_020631705.1_ASM2063170v1.1_genomic.fna.gz	f4f8f9176840d3f8cdb46d34a3f128c2	6f6168dc2a129df3a02c7eca39660d02a135f18404d224ca69af8b1b9f8b09f4	49518031	https://ftp.ncbi.nlm.nih.gov/genomes/all/GCF/020/631/705/GCF_020631705.1_ASM2063170v1.1/GCF_020631705.1_ASM2063170v1.1_genomic.gff.gz	8ba1357f943e9903aaa936c9b3c42bec	dc7a9240a5f22c7a5bc1be1dd808e2a10c9c8b6599d17cae9d58472a2350c805	11338984	True	1
daphnia.obtusa.tier3c	Daphnia obtusa	35527	GCA_052054635.1	NCBI GenBank	2025/08/15 00:00	https://ftp.ncbi.nlm.nih.gov/genomes/all/GCA/052/054/635/GCA_052054635.1_ASM5205463v1/GCA_052054635.1_ASM5205463v1_genomic.fna.gz	e0ae9198f009f463eff5d7bf851cc51e	32542c4b7c204d8b940d34ee007f4b44aeb9a55b7368a26ae2dacf3c5d640a67	41427255					False	
daphnia.pulex.tier3c	Daphnia pulex	6669	GCF_021134715.1	NCBI RefSeq	2021/12/09 00:00	https://ftp.ncbi.nlm.nih.gov/genomes/all/GCF/021/134/715/GCF_021134715.1_ASM2113471v1/GCF_021134715.1_ASM2113471v1_genomic.fna.gz	ca7c3b9dd003d80567f334f67b05716a	dbd6a0a5cf5364b5a7215c773037c194cd068e15fb369013a2ff0f71d678c8ec	43709606	https://ftp.ncbi.nlm.nih.gov/genomes/all/GCF/021/134/715/GCF_021134715.1_ASM2113471v1/GCF_021134715.1_ASM2113471v1_genomic.gff.gz	6670ff773dee1f5c186ca20a5e565a25	5e75313fa3cb262ed28f67ef5617d7ea56fb4f9fa267a318022cbdeef007cd04	10297747	True	1
daphnia.pulicaria.tier3c	Daphnia pulicaria	35523	GCF_021234035.1	NCBI RefSeq	2022/02/09 00:00	https://ftp.ncbi.nlm.nih.gov/genomes/all/GCF/021/234/035/GCF_021234035.1_SC_F0-13Bv2/GCF_021234035.1_SC_F0-13Bv2_genomic.fna.gz	641f2075e0e2f664f77eb5f76dd329ab	10c7ffc8ad1127a82a135bac73450edf04e09d03bc25c4f05a8445a1b8d28ad3	53823960	https://ftp.ncbi.nlm.nih.gov/genomes/all/GCF/021/234/035/GCF_021234035.1_SC_F0-13Bv2/GCF_021234035.1_SC_F0-13Bv2_genomic.gff.gz	0a66f6013e5f0c7f319ad8bd715081db	80f7fdee5bef495c48087dc6f799f87a13cf79a260d5def414f3dbf7f49a3c67	10508870	True	1
dasypus.novemcinctus.tier3c	Dasypus novemcinctus	9361	GCF_030445035.2	NCBI RefSeq	2024/03/05 00:00	https://ftp.ncbi.nlm.nih.gov/genomes/all/GCF/030/445/035/GCF_030445035.2_mDasNov1.1.hap2/GCF_030445035.2_mDasNov1.1.hap2_genomic.fna.gz	4a2021a9f17849d67ad26a0df6336976	fc4b48ce795b5a75b2b76cc170f54ed622455f708dd0986ac415588bfbb796b3	1196648330	https://ftp.ncbi.nlm.nih.gov/genomes/all/GCF/030/445/035/GCF_030445035.2_mDasNov1.1.hap2/GCF_030445035.2_mDasNov1.1.hap2_genomic.gff.gz	e4b8af3e9451328991df6aa5aebe877a	a1d676492c8ef2996a03bbe63b2adeb8d0b7d16efc884b5274f1a0405e6cf591	25299237	True	1
daubentonia.madagascariensis.tier3c	Daubentonia madagascariensis	31869	GCA_044048945.1	NCBI GenBank	2024/10/29 00:00	https://ftp.ncbi.nlm.nih.gov/genomes/all/GCA/044/048/945/GCA_044048945.1_DMad_hybrid/GCA_044048945.1_DMad_hybrid_genomic.fna.gz	a7f1fa33aaed5c20d6ca274917aa9c34	1e20d4204680072f627e808bee546d0ad544be3fdae626933fc2bf1255169c41	821153111	https://ftp.ncbi.nlm.nih.gov/genomes/all/GCA/044/048/945/GCA_044048945.1_DMad_hybrid/GCA_044048945.1_DMad_hybrid_genomic.gff.gz	a145425562ca171e340390ebc794c957	f0efabbc46ff86f8de25cdb902cbedbc9d0e07c7792493307eca0770cb70f1e9	20468451	True	1
drosophila.americana.tier3c	Drosophila americana	40366	GCA_047116735.1	NCBI GenBank	2025/07/15 00:00	https://ftp.ncbi.nlm.nih.gov/genomes/all/GCA/047/116/735/GCA_047116735.1_ASM4711673v1/GCA_047116735.1_ASM4711673v1_genomic.fna.gz	b8fd1b5dafb3f1b656f2870a5a552696	c32c68c0f13dce92d2c51d3f81e90388ec05f12199f966b7796bc085648e0f0c	56278869					False	
drosophila.ananassae.tier3c	Drosophila ananassae	7217	GCF_017639315.1	NCBI RefSeq	2021/07/16 00:00	https://ftp.ncbi.nlm.nih.gov/genomes/all/GCF/017/639/315/GCF_017639315.1_ASM1763931v2/GCF_017639315.1_ASM1763931v2_genomic.fna.gz	287d7bcc6c9ff37bd37bf2f5f8145a19	f5930e05580aeae8bf937cc086061c30453edd1d30c673c705a405734da0788a	67806571	https://ftp.ncbi.nlm.nih.gov/genomes/all/GCF/017/639/315/GCF_017639315.1_ASM1763931v2/GCF_017639315.1_ASM1763931v2_genomic.gff.gz	16d7a7045f6924c3a6525b1130826d0a	61676682bb49d4c6ba3dd56958bec4ae596fcf781b98f8c403bcb60cc82f75a3	6806222	True	1
drosophila.arizonae.tier3c	Drosophila arizonae	7263	GCF_001654025.1	NCBI RefSeq	2016/06/01 00:00	https://ftp.ncbi.nlm.nih.gov/genomes/all/GCF/001/654/025/GCF_001654025.1_ASM165402v1/GCF_001654025.1_ASM165402v1_genomic.fna.gz	986bd9324c7bf0ee2cfd6abd2901f5c7	1b9e81514d47e20ee1d7f9eb95c47a58128b6c40a33e5b91cf2db83a76747bfc	45871125	https://ftp.ncbi.nlm.nih.gov/genomes/all/GCF/001/654/025/GCF_001654025.1_ASM165402v1/GCF_001654025.1_ASM165402v1_genomic.gff.gz	22d120dcd704394d4396320c59fecd99	09a05850994ffb5ed2040142218044ad6d996333d20f9d357f68484b6c972dc7	4738820	True	1
drosophila.bipectinata.tier3c	Drosophila bipectinata	42026	GCF_030179905.1	NCBI RefSeq	2024/11/19 00:00	https://ftp.ncbi.nlm.nih.gov/genomes/all/GCF/030/179/905/GCF_030179905.1_DbipHiC1v2/GCF_030179905.1_DbipHiC1v2_genomic.fna.gz	3ba4c9805fe4752ba8f8c4756d2d1452	38dc412c592fcc3973c5b43b063545cb1117cc7454a9fbeed96ef893ee07a877	60093307	https://ftp.ncbi.nlm.nih.gov/genomes/all/GCF/030/179/905/GCF_030179905.1_DbipHiC1v2/GCF_030179905.1_DbipHiC1v2_genomic.gff.gz	f90b982531e58ce01dffe2beab1f9255	91725a7e5a19a231d1258d2189f1d4d7f67f590854f8e617d67933276bfab676	6006271	True	1
drosophila.buzzatii.tier3c	Drosophila buzzatii	7264	GCA_035045845.1	NCBI GenBank	2024/01/03 00:00	https://ftp.ncbi.nlm.nih.gov/genomes/all/GCA/035/045/845/GCA_035045845.1_ASM3504584v1/GCA_035045845.1_ASM3504584v1_genomic.fna.gz	f7b87ceded72086b895569bafed2ee4d	46bab63c49462f7563e3fb3c21a88055bd01ac4d5ee08dd3cc9349288e16fa8b	58323737					False	
drosophila.kikkawai.tier3c	Drosophila kikkawai	30033	GCF_030179895.1	NCBI RefSeq	2024/11/19 00:00	https://ftp.ncbi.nlm.nih.gov/genomes/all/GCF/030/179/895/GCF_030179895.1_DkikHiC1v2/GCF_030179895.1_DkikHiC1v2_genomic.fna.gz	1c8b27e8896b43d1ec43d752f4d3a764	a1d89785e44eaf7bd44ae5b930bd4459de9d6eb79006edc8084121f862053c41	59944271	https://ftp.ncbi.nlm.nih.gov/genomes/all/GCF/030/179/895/GCF_030179895.1_DkikHiC1v2/GCF_030179895.1_DkikHiC1v2_genomic.gff.gz	cef2b1ced510d354f3f6a9d95ac3eed7	e92aa639ce4e759a88e78dcce1409cfbcbf550bfd5b49bae52bceb0d4b1e4b12	5781959	True	1
drosophila.malerkotliana.tier3c	Drosophila malerkotliana	195057	GCA_018153235.1	NCBI GenBank	2021/04/28 00:00	https://ftp.ncbi.nlm.nih.gov/genomes/all/GCA/018/153/235/GCA_018153235.1_ASM1815323v1/GCA_018153235.1_ASM1815323v1_genomic.fna.gz	ec2fca6d8da707ce8f208dd4ef677c9e	b885a32408a9af719a89d3dd99af631aeb81f8b2f6a4c12cc0f7270388123355	58638882					False	
drosophila.melanogaster.tier3c	Drosophila melanogaster	7227	GCF_000001215.4	NCBI RefSeq	2014/08/08 00:00	https://ftp.ncbi.nlm.nih.gov/genomes/all/GCF/000/001/215/GCF_000001215.4_Release_6_plus_ISO1_MT/GCF_000001215.4_Release_6_plus_ISO1_MT_genomic.fna.gz	869cf40e4f5c7ca27d04ca9ae7baee4f	bee09429e48a8e2ce18a30c4f28641693d9a137d5d18f70cab4efb28204d513a	145637909	https://ftp.ncbi.nlm.nih.gov/genomes/all/GCF/000/001/215/GCF_000001215.4_Release_6_plus_ISO1_MT/GCF_000001215.4_Release_6_plus_ISO1_MT_genomic.gff.gz	1de22f17786c44ae98d7922116967b4e	662dc13c8c1b1559e50096ae5196cb542b98f00c4ad23079d4245294e9c1b909	164953485	True	1
drosophila.miranda.tier3c	Drosophila miranda	7229	GCF_003369915.1	NCBI RefSeq	2019/09/23 00:00	https://ftp.ncbi.nlm.nih.gov/genomes/all/GCF/003/369/915/GCF_003369915.1_D.miranda_PacBio2.1/GCF_003369915.1_D.miranda_PacBio2.1_genomic.fna.gz	66f4af53c0b1340c52ffc3f6a1530e37	1baf77960642578a7f793755ba9b1cddf03147f07d2755aeba915af12a630a56	85648735	https://ftp.ncbi.nlm.nih.gov/genomes/all/GCF/003/369/915/GCF_003369915.1_D.miranda_PacBio2.1/GCF_003369915.1_D.miranda_PacBio2.1_genomic.gff.gz	cd49ccdd6b57a29b8bbdf912c029dac9	97fb9ec36d9291aa4446e5681cb352ab151c79e4e488f94e09461e0c877393ce	8076984	True	1
drosophila.mojavensis.tier3c	Drosophila mojavensis	7230	GCF_018153725.1	NCBI RefSeq	2021/04/28 00:00	https://ftp.ncbi.nlm.nih.gov/genomes/all/GCF/018/153/725/GCF_018153725.1_ASM1815372v1/GCF_018153725.1_ASM1815372v1_genomic.fna.gz	038ed1d86fba137431eb015f75922598	e89fb7cde6ca7912c1e5489e6ce0bb888f29d9421801f492e795675e9c58dd1e	53602580	https://ftp.ncbi.nlm.nih.gov/genomes/all/GCF/018/153/725/GCF_018153725.1_ASM1815372v1/GCF_018153725.1_ASM1815372v1_genomic.gff.gz	c99922d422b2f65ebfa42c2d697cf1c1	e7d43b57a0f62a8052beb7b87f239ccdfcf34c2f79bf6b0861199a18b619561d	6030471	True	1
drosophila.novamexicana.tier3c	Drosophila novamexicana	47314	GCF_003285875.2	NCBI RefSeq	2019/07/18 00:00	https://ftp.ncbi.nlm.nih.gov/genomes/all/GCF/003/285/875/GCF_003285875.2_DnovRS2.1/GCF_003285875.2_DnovRS2.1_genomic.fna.gz	7ef45d467dfd59adf1af5506ed1c0936	dae40082ac36703dc1f2caa9d910ac069f8053947acf99db74d5321cd6a7e57a	56048889	https://ftp.ncbi.nlm.nih.gov/genomes/all/GCF/003/285/875/GCF_003285875.2_DnovRS2.1/GCF_003285875.2_DnovRS2.1_genomic.gff.gz	7032329a93c57f1433df7e93d4c04421	5e6f55be705defb9aed66f505786e8190a19d292215fdecccb5b1e4fcbe9f10d	4752932	True	1
drosophila.parabipectinata.tier3c	Drosophila parabipectinata	186283	GCA_047116105.1	NCBI GenBank	2025/07/15 00:00	https://ftp.ncbi.nlm.nih.gov/genomes/all/GCA/047/116/105/GCA_047116105.1_ASM4711610v1/GCA_047116105.1_ASM4711610v1_genomic.fna.gz	bff9c8828dc11200f2d76030a2b5f20b	061fa7eb1404fe75130a5dfd449a3abdceb0f5c92308cdc0109eb05d3cc94689	64379463					False	
drosophila.persimilis.tier3c	Drosophila persimilis	7234	GCF_003286085.1	NCBI RefSeq	2018/10/23 00:00	https://ftp.ncbi.nlm.nih.gov/genomes/all/GCF/003/286/085/GCF_003286085.1_DperRS2/GCF_003286085.1_DperRS2_genomic.fna.gz	3454469304160f4d1fb99c1bb8cd125a	cd0d163873ba622340bf4179add37fd0d6f471c51c9c2a26e1fae77e8a3b2140	60814609	https://ftp.ncbi.nlm.nih.gov/genomes/all/GCF/003/286/085/GCF_003286085.1_DperRS2/GCF_003286085.1_DperRS2_genomic.gff.gz	5c743e6102cbdd74b2488a784a9a872f	476da02b84395434817ece5b832cea423a880e2a37cebcaf7112fbd5cc734502	4790447	True	1
drosophila.pseudoobscura.tier3c	Drosophila pseudoobscura	7237	GCF_009870125.1	NCBI RefSeq	2020/03/03 00:00	https://ftp.ncbi.nlm.nih.gov/genomes/all/GCF/009/870/125/GCF_009870125.1_UCI_Dpse_MV25/GCF_009870125.1_UCI_Dpse_MV25_genomic.fna.gz	0478e718718661c64e1d04e5f833cd60	548279efead4a1ea67c8822eafd193fcc2f65b9f4fa343ac32351edb66c948c2	52086606	https://ftp.ncbi.nlm.nih.gov/genomes/all/GCF/009/870/125/GCF_009870125.1_UCI_Dpse_MV25/GCF_009870125.1_UCI_Dpse_MV25_genomic.gff.gz	0ba24ec215b77ce4b890c1535f1e0534	94980051b2495bd1e51f1b4a20c75d2f3918fb6a3fbdb4580eb3ddb5fe890569	6899524	True	1
drosophila.sechellia.tier3c	Drosophila sechellia	7238	GCF_004382195.2	NCBI RefSeq	2022/05/18 00:00	https://ftp.ncbi.nlm.nih.gov/genomes/all/GCF/004/382/195/GCF_004382195.2_ASM438219v2/GCF_004382195.2_ASM438219v2_genomic.fna.gz	c493a23d8c3c8416dcde7c91f274df6e	6c5f033d1bc035069134b218b9c498573dcc86a591c10c2bb62679fba7417fa8	48452652	https://ftp.ncbi.nlm.nih.gov/genomes/all/GCF/004/382/195/GCF_004382195.2_ASM438219v2/GCF_004382195.2_ASM438219v2_genomic.gff.gz	a3b089aba886c949c49ee95acc25dff8	349d9a3f498f2514292f978b995b88e81d3afb94b5a29cb590be978ccd94360f	6021563	True	1
drosophila.simulans.tier3c	Drosophila simulans	7240	GCF_016746395.2	NCBI RefSeq	2021/10/05 00:00	https://ftp.ncbi.nlm.nih.gov/genomes/all/GCF/016/746/395/GCF_016746395.2_Prin_Dsim_3.1/GCF_016746395.2_Prin_Dsim_3.1_genomic.fna.gz	b5103108e652a97e4d9e03f6a3bf91c5	2d7f18eb3df6b9dd86ed708f5b4a0de965fc9dc0eccef2e5e4fc376708d6ae18	42800968	https://ftp.ncbi.nlm.nih.gov/genomes/all/GCF/016/746/395/GCF_016746395.2_Prin_Dsim_3.1/GCF_016746395.2_Prin_Dsim_3.1_genomic.gff.gz	0347379d2cc0585a05cc1252d9c7cf97	aadccff1df3b263c880b67b5701ad5afd44371d6b3e38cdc58903ff90238aa6c	6696230	True	1
drosophila.subobscura.tier3c	Drosophila subobscura	7241	GCF_008121235.1	NCBI RefSeq	2019/08/28 00:00	https://ftp.ncbi.nlm.nih.gov/genomes/all/GCF/008/121/235/GCF_008121235.1_UCBerk_Dsub_1.0/GCF_008121235.1_UCBerk_Dsub_1.0_genomic.fna.gz	b840c0af6e33c8dd7a35f52a623ed2e4	da530e133668923ed2f6a34b2d08b2d41bdbb6040e2a7e3dd4f34ad2771f78bb	42378902	https://ftp.ncbi.nlm.nih.gov/genomes/all/GCF/008/121/235/GCF_008121235.1_UCBerk_Dsub_1.0/GCF_008121235.1_UCBerk_Dsub_1.0_genomic.gff.gz	ace1b288ecfb24c982da57c41de1ea96	331b21f0a2f4eb2c0dbb039e691a9c8d99888d9c0c207087e042d3596ea22076	5508499	True	1
echinocardium.cordatum.tier3c	Echinocardium cordatum	39298	GCA_965644145.1	NCBI GenBank	2025/07/28 00:00	https://ftp.ncbi.nlm.nih.gov/genomes/all/GCA/965/644/145/GCA_965644145.1_eeEchCord2.hap1.1/GCA_965644145.1_eeEchCord2.hap1.1_genomic.fna.gz	248f8debbe421cc395714b0a082bb7b5	022bd055a0c4b4545bbf642259ef5047c8668f9af993a6f5003ef6d510a0ce32	324624203					False	
emys.orbicularis.tier3c	Emys orbicularis	82168	GCF_028017835.1	NCBI RefSeq	2023/01/30 00:00	https://ftp.ncbi.nlm.nih.gov/genomes/all/GCF/028/017/835/GCF_028017835.1_rEmyOrb1.hap1/GCF_028017835.1_rEmyOrb1.hap1_genomic.fna.gz	84950281bb70c58e7e9f40bc428da06b	5fa6618660fae6c44cf686e5ce5b08cdc57cad0adef3afcc8da5e7376bdafe59	772164369	https://ftp.ncbi.nlm.nih.gov/genomes/all/GCF/028/017/835/GCF_028017835.1_rEmyOrb1.hap1/GCF_028017835.1_rEmyOrb1.hap1_genomic.gff.gz	7e23438bc1b2f5c6fd27f083a02aee8e	2e138bac99afc3a775442366f7e18b179e0cacdf61b352101501da260392a780	10061358	True	1
equus.ferus.przewalskii.tier3c	Equus ferus przewalskii	9798	GCF_037783145.1	NCBI RefSeq	2024/04/01 00:00	https://ftp.ncbi.nlm.nih.gov/genomes/all/GCF/037/783/145/GCF_037783145.1_EquPr2/GCF_037783145.1_EquPr2_genomic.fna.gz	b07eb3ff17c5f67a303ca597aea57c1e	6bb6e1fec90418401a29dbd10612eefef6513e82b9bae0af56f9f7f54d9ee999	816644066	https://ftp.ncbi.nlm.nih.gov/genomes/all/GCF/037/783/145/GCF_037783145.1_EquPr2/GCF_037783145.1_EquPr2_genomic.gff.gz	4eb8c6e6122bd1939fad17ec0f241db7	eaf1d5884ce159b5dde46531b0a019195eefee53e3870876a1231cdcc86c7d34	38900289	True	1
eschrichtius.robustus.tier3c	Eschrichtius robustus	9764	GCF_028021215.1	NCBI RefSeq	2023/01/31 00:00	https://ftp.ncbi.nlm.nih.gov/genomes/all/GCF/028/021/215/GCF_028021215.1_mEscRob2.pri/GCF_028021215.1_mEscRob2.pri_genomic.fna.gz	bf3a03f0dca7f32bcdba0cdb01a72cc6	f3ef37961ff5a320ec1eea939e12a2b5819ebba0bc6b989adeefcbc0270ed4e5	858068533	https://ftp.ncbi.nlm.nih.gov/genomes/all/GCF/028/021/215/GCF_028021215.1_mEscRob2.pri/GCF_028021215.1_mEscRob2.pri_genomic.gff.gz	7a0d0d4d6bd0bbfe2d8b8a830952afe8	cc65252a5478af3bcea3a678ce7b54f50cca70037ab15bf5e4c64cc14486962d	17155434	True	1
eudyptes.filholi.tier3c	Eudyptes filholi	1419345	GCA_010085365.1	NCBI GenBank	2020/01/31 00:00	https://ftp.ncbi.nlm.nih.gov/genomes/all/GCA/010/085/365/GCA_010085365.1_BGI_Echrysoc_fil.V1/GCA_010085365.1_BGI_Echrysoc_fil.V1_genomic.fna.gz	ed9cfd21ce94e1f81c7c166bdac9e01d	7ff81cc468c39497ce274273e55109d2504a8506863fee5ac29510d6b095aeb4	401163484	https://ftp.ncbi.nlm.nih.gov/genomes/all/GCA/010/085/365/GCA_010085365.1_BGI_Echrysoc_fil.V1/GCA_010085365.1_BGI_Echrysoc_fil.V1_genomic.gff.gz	c528d4e89f1852e3675fcd24ad24e0b2	a36e1feedb6aec42d33b6c5ffda9b8f99912ef4ce4a85da2e03b34f6d16ac8c1	4942191	True	1
eudyptes.moseleyi.tier3c	Eudyptes moseleyi	2495534	GCA_010082375.1	NCBI GenBank	2020/01/31 00:00	https://ftp.ncbi.nlm.nih.gov/genomes/all/GCA/010/082/375/GCA_010082375.1_BGI_Emos.V1/GCA_010082375.1_BGI_Emos.V1_genomic.fna.gz	b0ef0db19714e9f62df6ecc2d1622d2f	4fe0b8a5b8db684010840f194d72e66b774e065f3b58f74ac1d1670fb5a93e59	410609669	https://ftp.ncbi.nlm.nih.gov/genomes/all/GCA/010/082/375/GCA_010082375.1_BGI_Emos.V1/GCA_010082375.1_BGI_Emos.V1_genomic.gff.gz	66dae58dbc4d66c6a5905e0cb30f990a	8acf436fa19162788adc08b987d2cf5c527961580ce2533cffa8e83fb62d087a	6035592	True	1
eulemur.coronatus.tier3c	Eulemur coronatus	13514	GCA_963574965.1	NCBI GenBank	2023/10/30 00:00	https://ftp.ncbi.nlm.nih.gov/genomes/all/GCA/963/574/965/GCA_963574965.1_PGDP_EulCor/GCA_963574965.1_PGDP_EulCor_genomic.fna.gz	ccc91eefb286ec0f48095a6d986fdb6d	9df0110d29649da4ab6f0406f0ae6d1e4bbc401cdbc202ca94df4f4c26c71c54	730636180					False	
eulemur.mongoz.tier3c	Eulemur mongoz	34828	GCA_028534055.1	NCBI GenBank	2023/02/09 00:00	https://ftp.ncbi.nlm.nih.gov/genomes/all/GCA/028/534/055/GCA_028534055.1_Eulemur_mongoz_HiC/GCA_028534055.1_Eulemur_mongoz_HiC_genomic.fna.gz	ef099b8eb8f6c2ae96cc315e7b287374	cdc7a5d312b7b292a804ffc2ba20592c572f46422aa4263ab278bbc871a61fe0	840902601					False	
eunicella.verrucosa.tier3c	Eunicella verrucosa	396355	GCA_964289765.3	NCBI GenBank	2025/07/07 00:00	https://ftp.ncbi.nlm.nih.gov/genomes/all/GCA/964/289/765/GCA_964289765.3_jaEunVerr7.2/GCA_964289765.3_jaEunVerr7.2_genomic.fna.gz	ad4a647a0422a99a384c0b84b72391f2	c18d48874acc1efbe63c80781233f76dc0582c5451e7e530aa7416db4a8363f3	136509738					False	
ficedula.albicollis.tier3c	Ficedula albicollis	59894	GCF_000247815.1	NCBI RefSeq	2013/06/28 00:00	https://ftp.ncbi.nlm.nih.gov/genomes/all/GCF/000/247/815/GCF_000247815.1_FicAlb1.5/GCF_000247815.1_FicAlb1.5_genomic.fna.gz	ca30480104c77ad58b16a9de3159ac05	620e729b8ddd60efd97f250435687b8350d4e7f42a458291355e16bd909ed3c5	343159526	https://ftp.ncbi.nlm.nih.gov/genomes/all/GCF/000/247/815/GCF_000247815.1_FicAlb1.5/GCF_000247815.1_FicAlb1.5_genomic.gff.gz	7ecf5fc0849f6a20ca397edf46ada88b	f71672ad5125ce030d9228ffa0112b2d9c0c4c906bc74ad2633921b76314d5e0	10929575	True	1
ficedula.hypoleuca.tier3c	Ficedula hypoleuca	46689	GCA_982555385.1	NCBI GenBank	2026/04/28 00:00	https://ftp.ncbi.nlm.nih.gov/genomes/all/GCA/982/555/385/GCA_982555385.1_B10K-D-UWBM-78/GCA_982555385.1_B10K-D-UWBM-78_genomic.fna.gz	951059fc613b9cbe44bbf00bbeae1714	b516744550aefe330bf718c114dfa62d8e4bb4addc9435e81d9b6e9b918312f5	348460975					False	
galago.moholi.tier3c	Galago moholi	30609	GCA_023783435.1	NCBI GenBank	2022/06/18 00:00	https://ftp.ncbi.nlm.nih.gov/genomes/all/GCA/023/783/435/GCA_023783435.1_ASM2378343v1/GCA_023783435.1_ASM2378343v1_genomic.fna.gz	e8338b1df8e560b4afdcab762b9dad6d	be2d4ac28df3e61f37933d042bd745eeaac70cc86e6a561134c527908dd08f97	849332518					False	
gallus.gallus.tier3c	Gallus gallus	9031	GCF_016699485.2	NCBI RefSeq	2021/01/19 00:00	https://ftp.ncbi.nlm.nih.gov/genomes/all/GCF/016/699/485/GCF_016699485.2_bGalGal1.mat.broiler.GRCg7b/GCF_016699485.2_bGalGal1.mat.broiler.GRCg7b_genomic.fna.gz	51291297e6b693d8d73207509cbba6aa	fce6673f438d95ce88d55c92db5404eecc9eebccefdea867e54af01dd76d4fea	344487241	https://ftp.ncbi.nlm.nih.gov/genomes/all/GCF/016/699/485/GCF_016699485.2_bGalGal1.mat.broiler.GRCg7b/GCF_016699485.2_bGalGal1.mat.broiler.GRCg7b_genomic.gff.gz	1e9bd90ac82b43f05a4ee4efe6b036d9	897b5036fe5fed23d269c014a6e275095b0bc7290b8a0dae2032969fb3dbb687	32474000	True	1
gasterosteus.aculeatus.tier3c	Gasterosteus aculeatus	69293	GCF_964276395.1	NCBI RefSeq	2024/10/29 00:00	https://ftp.ncbi.nlm.nih.gov/genomes/all/GCF/964/276/395/GCF_964276395.1_fGasAcu3.hap1.1/GCF_964276395.1_fGasAcu3.hap1.1_genomic.fna.gz	37dba106172784b2bf56ae7941ea8b23	8d8a57412ba52c39896a5b3833fe1e13ca8902150351a2181c8e64569aff3c09	160337598	https://ftp.ncbi.nlm.nih.gov/genomes/all/GCF/964/276/395/GCF_964276395.1_fGasAcu3.hap1.1/GCF_964276395.1_fGasAcu3.hap1.1_genomic.gff.gz	51c9485412579fc20b3713e1e1d95783	b8e35ccfc40be4273eeea0c93d7c4090cb62a5045d750bb4e3d423a883c755a1	29070732	True	1
gulo.gulo.tier3c	Gulo gulo	2888765	GCA_024510155.1	NCBI GenBank	2022/08/04 00:00	https://ftp.ncbi.nlm.nih.gov/genomes/all/GCA/024/510/155/GCA_024510155.1_Gulo_gulo_luscus_R-V1.0/GCA_024510155.1_Gulo_gulo_luscus_R-V1.0_genomic.fna.gz	88870c1cad8944769fa28fdaa3efe177	91926212a00f5277301a7f677c7114b31b723bf209278eb813cb0a648b28a176	797900979	https://ftp.ncbi.nlm.nih.gov/genomes/all/GCA/024/510/155/GCA_024510155.1_Gulo_gulo_luscus_R-V1.0/GCA_024510155.1_Gulo_gulo_luscus_R-V1.0_genomic.gff.gz	36669cb1e25f5ad14580eecfa8c5f0d1	0b725231c79cde13cb2208ed46a19cd19079321fd29fa63e83a455e422a71bb9	4025424	True	1
heliconius.cydno.tier3c	Heliconius cydno	310650	GCA_036379175.1	NCBI GenBank	2024/02/05 00:00	https://ftp.ncbi.nlm.nih.gov/genomes/all/GCA/036/379/175/GCA_036379175.1_UofC_Hcyg_1.0/GCA_036379175.1_UofC_Hcyg_1.0_genomic.fna.gz	cf61c4891c8bd211fa6f3d27c74306bf	d49edee8189de2c31a24859286b91bfccb062f36e838838f58f9bfba16273b9f	88439344					False	
heliconius.hecale.tier3c	Heliconius hecale	33425	GCA_044589265.1	NCBI GenBank	2024/11/06 00:00	https://ftp.ncbi.nlm.nih.gov/genomes/all/GCA/044/589/265/GCA_044589265.1_ASM4458926v1/GCA_044589265.1_ASM4458926v1_genomic.fna.gz	8db1fcfec12b4af6c64e423ea82e1bcb	009571203e553328ae6d9578f9d6e7684fcba2f7bcb79b22bca8efb580641193	120619918					False	
heliconius.melpomene.tier3c	Heliconius melpomene	171916	GCF_056956725.1	NCBI RefSeq	2026/04/28 00:00	https://ftp.ncbi.nlm.nih.gov/genomes/all/GCF/056/956/725/GCF_056956725.1_ASM5695672v1/GCF_056956725.1_ASM5695672v1_genomic.fna.gz	928e1a3910cc901c543fb24b30deb1ec	215feff4a61a20639e6590a02c64d469cfa8f41e62382add9302185ae51092c6	100831718	https://ftp.ncbi.nlm.nih.gov/genomes/all/GCF/056/956/725/GCF_056956725.1_ASM5695672v1/GCF_056956725.1_ASM5695672v1_genomic.gff.gz	cda01a3316c9503b21679febe23fdf51	da66623ea2074b37da827f81199a08965c5679e0eee50eeb035c9190a25290d3	8325641	True	1
heliconius.pachinus.tier3c	Heliconius pachinus	33428	GCA_900068725.1	NCBI GenBank	2017/04/26 00:00	https://ftp.ncbi.nlm.nih.gov/genomes/all/GCA/900/068/725/GCA_900068725.1_Heliconius_pachinus.CAM008020/GCA_900068725.1_Heliconius_pachinus.CAM008020_genomic.fna.gz	7e3e6aa43ac5d525c825d7307bb70334	9720670b82a4dd44eb8c24efe4f35eabb81cf9c12c1d56c25c2175063a1c5dfa	73650794					False	
hippocampus.guttulatus.tier3c	Hippocampus guttulatus	109282	GCA_054856545.1	NCBI GenBank	2026/01/30 00:00	https://ftp.ncbi.nlm.nih.gov/genomes/all/GCA/054/856/545/GCA_054856545.1_RoL_Hgut_1.0/GCA_054856545.1_RoL_Hgut_1.0_genomic.fna.gz	a935f7d92fd5d41ab176137b90de16d7	43f75482244d0b5e82d08acba2ca4c7ec65c3915ed65d22b172daee967173e4e	156476317					False	
hippocampus.hippocampus.tier3c	Hippocampus hippocampus	109283	GCA_965263715.1	NCBI GenBank	2025/04/27 00:00	https://ftp.ncbi.nlm.nih.gov/genomes/all/GCA/965/263/715/GCA_965263715.1_fHipHio1.1/GCA_965263715.1_fHipHio1.1_genomic.fna.gz	d48efc5e6783607a7b8126098a596706	f3f6c24561184831cc3b9345069205a04600168e768ee3969cd8178107bd6831	146915609					False	
hippocampus.kuda.tier3c	Hippocampus kuda	103715	GCA_058963915.1	NCBI GenBank	2026/07/06 00:00	https://ftp.ncbi.nlm.nih.gov/genomes/all/GCA/058/963/915/GCA_058963915.1_KST_HKudaM_1.0/GCA_058963915.1_KST_HKudaM_1.0_genomic.fna.gz	6c841c0da92a6df672f5ee3bcdb208b8	e8dc0e7e0a8b9bfcc590e529b4f30d7b51cda1d8a057c42a074b55e421dcc840	153335585					False	
homo.sapiens.tier3c	Homo sapiens	9606	GCF_000001405.40	NCBI RefSeq	2022/02/03 00:00	https://ftp.ncbi.nlm.nih.gov/genomes/all/GCF/000/001/405/GCF_000001405.40_GRCh38.p14/GCF_000001405.40_GRCh38.p14_genomic.fna.gz	c30471567037b2b2389d43c908c653e1	4b16731cc54ebd43f5ea278d01833fc072f0b3c4d8c4bbf2af9d05e06df05fa3	3339722275	https://ftp.ncbi.nlm.nih.gov/genomes/all/GCF/000/001/405/GCF_000001405.40_GRCh38.p14/GCF_000001405.40_GRCh38.p14_genomic.gff.gz	24b731562b9d4cae9e37b23404b5be16	f80e5495c58831d23328b2fe593c32d91ba7d569166cd7bd96ce555ed089901b	1596775361	True	1
lepisosteus.oculatus.tier3c	Lepisosteus oculatus	7918	GCF_040954835.1	NCBI RefSeq	2024/08/01 00:00	https://ftp.ncbi.nlm.nih.gov/genomes/all/GCF/040/954/835/GCF_040954835.1_fLepOcu1.hap2/GCF_040954835.1_fLepOcu1.hap2_genomic.fna.gz	d25e0149b0b3c076bb2e03390658d91e	244cc70a89a392559f63e15b96d4ebb62730ef7e54cc71055c4a249a7eba4cb4	358835757	https://ftp.ncbi.nlm.nih.gov/genomes/all/GCF/040/954/835/GCF_040954835.1_fLepOcu1.hap2/GCF_040954835.1_fLepOcu1.hap2_genomic.gff.gz	0d0cddfa2f24704f933ff4618c3e2c11	810975abb6769a5adc67bd6ece43cb629008b8b83e9f26c669575a7a046b0cac	21682341	True	1
leptogorgia.sarmentosa.tier3c	Leptogorgia sarmentosa	1502934	GCA_964658295.1	NCBI GenBank	2025/01/05 00:00	https://ftp.ncbi.nlm.nih.gov/genomes/all/GCA/964/658/295/GCA_964658295.1_jaLepSarm1.1/GCA_964658295.1_jaLepSarm1.1_genomic.fna.gz	fc8b30e9df6d07b323e352e424705544	db6f463455af0848858123eed9dc157261cb1ea135eb566c2ef53ce82a691df1	60750630					False	
limenitis.arthemis.tier3c	Limenitis arthemis	124411	GCA_018230685.1	NCBI GenBank	2021/05/03 00:00	https://ftp.ncbi.nlm.nih.gov/genomes/all/GCA/018/230/685/GCA_018230685.1_SRR1504973/GCA_018230685.1_SRR1504973_genomic.fna.gz	5bdcc88ee3e25faee67c69c864c278b3	eb408ce3640c4f3c0984763e009d5a38713935f253c29df1ff4a6382d4d7a78b	106795033					False	
lineus.longissimus.tier3c	Lineus longissimus	88925	GCF_910592395.1	NCBI RefSeq	2022/02/16 00:00	https://ftp.ncbi.nlm.nih.gov/genomes/all/GCF/910/592/395/GCF_910592395.1_tnLinLong1.2/GCF_910592395.1_tnLinLong1.2_genomic.fna.gz	648f7b23331dfd45b375309d160a14b9	bd50a73693b5e3ee3cfd97eccf553dcaee8dc2054d93b46d64de20d83de25773	124692524	https://ftp.ncbi.nlm.nih.gov/genomes/all/GCF/910/592/395/GCF_910592395.1_tnLinLong1.2/GCF_910592395.1_tnLinLong1.2_genomic.gff.gz	c5ca62cad4125a196023cc2da339fd7e	abd0858286458f48904b64f9cb25ed7983de3b2070884b0c5aee0646ad563b9c	12679839	True	1
lineus.ruber.tier3c	Lineus ruber	88926	GCA_984661435.1	NCBI GenBank	2026/07/04 00:00	https://ftp.ncbi.nlm.nih.gov/genomes/all/GCA/984/661/435/GCA_984661435.1_tnLinRube2.hap1.1/GCA_984661435.1_tnLinRube2.hap1.1_genomic.fna.gz	b6de7fa2f291db3efcfe7e5bccf1dfd5	02abdf369a6e047f5217f8bdfd9d2d6a413da5b8ce5f74dcf9769efdb4efd9d9	344686762					False	
macaca.mulatta.tier3c	Macaca mulatta	9544	GCF_049350105.2	NCBI RefSeq	2025/07/24 00:00	https://ftp.ncbi.nlm.nih.gov/genomes/all/GCF/049/350/105/GCF_049350105.2_T2T-MMU8v2.0/GCF_049350105.2_T2T-MMU8v2.0_genomic.fna.gz	04ea1d98d03d9ff547b1935a246e7ac4	b4647e4a447ffe5a49349feefa6bf417b68d5545e31a9581dbffe22ed8b07686	972591583	https://ftp.ncbi.nlm.nih.gov/genomes/all/GCF/049/350/105/GCF_049350105.2_T2T-MMU8v2.0/GCF_049350105.2_T2T-MMU8v2.0_genomic.gff.gz	e8bee3813ba62450dcb5b948af200550	3ed8bcf9a923ed751ddf04e44fb03c829d08944d2e88518871b2d3a46f76af6b	49958220	True	1
malurus.melanocephalus.tier3c	Malurus melanocephalus	175006	GCF_030028575.1	NCBI RefSeq	2023/05/17 00:00	https://ftp.ncbi.nlm.nih.gov/genomes/all/GCF/030/028/575/GCF_030028575.1_MMel_1.1/GCF_030028575.1_MMel_1.1_genomic.fna.gz	afb1244ad0ec37769e10cd206f51ed24	fa5a74e72ba7ef9d4e2aacddb374c99b8a1e199f39ab291494bf63bb2a927fc0	334039047	https://ftp.ncbi.nlm.nih.gov/genomes/all/GCF/030/028/575/GCF_030028575.1_MMel_1.1/GCF_030028575.1_MMel_1.1_genomic.gff.gz	e057b679b7e5b903f03d37d56a266d8a	17f90a56cbf37c67bcd5746630054b8fa805e1c69629c57ece95328b226b8b85	10877694	True	1
meleagris.gallopavo.tier3c	Meleagris gallopavo	9103	GCF_905368555.1	NCBI RefSeq	2026/05/19 00:00	https://ftp.ncbi.nlm.nih.gov/genomes/all/GCF/905/368/555/GCF_905368555.1_MGAL_WU_HG_1.1/GCF_905368555.1_MGAL_WU_HG_1.1_genomic.fna.gz	aa75e2341d0dd38ef1a32946c2c0b2a1	31e224f155f9acc5b6643fd3a00d6b3d65b9e35ab2cb7bfa57ec9d45d1d75c44	333360871	https://ftp.ncbi.nlm.nih.gov/genomes/all/GCF/905/368/555/GCF_905368555.1_MGAL_WU_HG_1.1/GCF_905368555.1_MGAL_WU_HG_1.1_genomic.gff.gz	03fddea9798f2226af5204058b396959	673d9202e6a2db1a8f2d69ae6b941f2e4528a9967a12946b73e379b409546741	20387542	True	1
melitaea.cinxia.tier3c	Melitaea cinxia	113334	GCF_905220565.1	NCBI RefSeq	2021/02/17 00:00	https://ftp.ncbi.nlm.nih.gov/genomes/all/GCF/905/220/565/GCF_905220565.1_ilMelCinx1.1/GCF_905220565.1_ilMelCinx1.1_genomic.fna.gz	8f551e47fab6e0bc045982cd0f65233c	bb7c62f83156aa433d7e5603a9a7c68fa2467c1f577605efcb3ed462ad511a16	168282249	https://ftp.ncbi.nlm.nih.gov/genomes/all/GCF/905/220/565/GCF_905220565.1_ilMelCinx1.1/GCF_905220565.1_ilMelCinx1.1_genomic.gff.gz	6e61ce347feeba4685d9834ae99f1dfc	2cdd16eac9dece4f47453716789df681e86af22e2d1eceb22a0233b394f0bd71	4760201	True	1
melitaea.didyma.tier3c	Melitaea didyma	104515	GCA_965194455.1	NCBI GenBank	2025/03/10 00:00	https://ftp.ncbi.nlm.nih.gov/genomes/all/GCA/965/194/455/GCA_965194455.1_ilMelDidm1.hap1.1/GCA_965194455.1_ilMelDidm1.hap1.1_genomic.fna.gz	7fa015679a82c17b034cd1fa9380c144	023f157eea76e63f6e0b71c2514a968692cea5a3c0460506f999ac5cfc324c58	187707101					False	
mellicta.athalia.tier3c	Mellicta athalia	113330	GCA_905220545.2	NCBI GenBank	2022/02/02 00:00	https://ftp.ncbi.nlm.nih.gov/genomes/all/GCA/905/220/545/GCA_905220545.2_ilMelAtha1.2/GCA_905220545.2_ilMelAtha1.2_genomic.fna.gz	d769f309957dc858235f6033fb5fe9fd	d0c5465f4a6f591f397c8118ec863a246ac4f79aab88357f62c4f8c590e0cfab	202482379					False	
mellicta.parthenoides.tier3c	Mellicta parthenoides	113340	GCA_964261285.1	NCBI GenBank	2024/09/07 00:00	https://ftp.ncbi.nlm.nih.gov/genomes/all/GCA/964/261/285/GCA_964261285.1_ilMelPart1.hap1.1/GCA_964261285.1_ilMelPart1.hap1.1_genomic.fna.gz	aecaee022f8de657d923fce32f9b435f	a05dd527856b0c19e0a3cc5b2aafde9449f4268f580d8c9fc4012047d7cf16b4	198375063					False	
messor.barbarus.tier3c	Messor barbarus	87890	GCA_048181735.1	NCBI GenBank	2025/02/27 00:00	https://ftp.ncbi.nlm.nih.gov/genomes/all/GCA/048/181/735/GCA_048181735.1_ASM4818173v1/GCA_048181735.1_ASM4818173v1_genomic.fna.gz	d3d25569081080d23b1b20861e3e8a72	75e1932daef0c1f3393dbb621afc015ec4dd206c026fd9d7c747052bd4f3beaf	103820316					False	
microtus.arvalis.tier3c	Microtus arvalis	47230	GCA_044665705.1	NCBI GenBank	2024/11/07 00:00	https://ftp.ncbi.nlm.nih.gov/genomes/all/GCA/044/665/705/GCA_044665705.1_MicArv1.0/GCA_044665705.1_MicArv1.0_genomic.fna.gz	c7f907fb0af77217f69cb64fc5ca3be1	67d7968193db040a0a5c57709188810f427ba37b56678defa68f211aa7a5697c	654654481					False	
monodelphis.domestica.tier3c	Monodelphis domestica	13616	GCF_027887165.2	NCBI RefSeq	2026/02/25 00:00	https://ftp.ncbi.nlm.nih.gov/genomes/all/GCF/027/887/165/GCF_027887165.2_mMonDom1.pri/GCF_027887165.2_mMonDom1.pri_genomic.fna.gz	889c23a479f7f10fa855f0f2fc833641	9d50fc92067428dd13d29f04ba1608f63f76a4da16a74a920c8b8b9dfca52e15	1184564164	https://ftp.ncbi.nlm.nih.gov/genomes/all/GCF/027/887/165/GCF_027887165.2_mMonDom1.pri/GCF_027887165.2_mMonDom1.pri_genomic.gff.gz	5cf69d6ff32f5f2184e6e5b9d1669efa	1772ff6193e2c0705f992f11b1148f1dee5f18c6639ad6e7800010d8a63613fb	27363952	True	1
mus.musculus.castaneus.tier3c	Mus musculus castaneus	10091	GCA_964188545.1	NCBI GenBank	2024/06/24 00:00	https://ftp.ncbi.nlm.nih.gov/genomes/all/GCA/964/188/545/GCA_964188545.1_CAST_EiJ_T2T_v1/GCA_964188545.1_CAST_EiJ_T2T_v1_genomic.fna.gz	828eb5727eea833aa03c5f35306b99a5	86fe1f845e4d1e50c27e1735dfeeff5af116472110bcf2a8c876c2938dd4475e	894670441					False	
mus.musculus.tier3c	Mus musculus	10090	GCF_000001635.27	NCBI RefSeq	2020/07/15 00:00	https://ftp.ncbi.nlm.nih.gov/genomes/all/GCF/000/001/635/GCF_000001635.27_GRCm39/GCF_000001635.27_GRCm39_genomic.fna.gz	c0b0c4c3f54d2b480efe68a18bf7e42b	fc94ff56b90b6a09eaf04d892febf6277454aa7b8f712dd1430e23a956374804	877834278	https://ftp.ncbi.nlm.nih.gov/genomes/all/GCF/000/001/635/GCF_000001635.27_GRCm39/GCF_000001635.27_GRCm39_genomic.gff.gz	f0bc4339da97f2301929d2028bbb35ce	56782ea3a77b6ec95205639bfc180c0ccd5d4f490d560840ebea09754b90bbba	52992916	True	1
mytilus.californianus.tier3c	Mytilus californianus	6549	GCF_021869535.1	NCBI RefSeq	2022/02/03 00:00	https://ftp.ncbi.nlm.nih.gov/genomes/all/GCF/021/869/535/GCF_021869535.1_xbMytCali1.0.p/GCF_021869535.1_xbMytCali1.0.p_genomic.fna.gz	0e5b4e8484d2d1cde41c9c720c0877fa	c67ce49bb6b2a26828a8b143eced5dc16215e8bc3b8d51ae5a6b92423da15f76	521315042	https://ftp.ncbi.nlm.nih.gov/genomes/all/GCF/021/869/535/GCF_021869535.1_xbMytCali1.0.p/GCF_021869535.1_xbMytCali1.0.p_genomic.gff.gz	908cfc9d6b699e50716e53573a4e975e	9ea843d260be01fa442ab701db88e28ea37a1a3892881de81508b5eb263a5ad7	19605093	True	1
mytilus.edulis.tier3c	Mytilus edulis	6550	GCF_963676685.1	NCBI RefSeq	2024/03/11 00:00	https://ftp.ncbi.nlm.nih.gov/genomes/all/GCF/963/676/685/GCF_963676685.1_xbMytEdul2.2/GCF_963676685.1_xbMytEdul2.2_genomic.fna.gz	dc479ca76f8b7bc57b4cd95ce84589ca	7a2dabaf1f38572204f3ee5580223246fb42719094cc30ff96fcb8d768b718ef	432654912	https://ftp.ncbi.nlm.nih.gov/genomes/all/GCF/963/676/685/GCF_963676685.1_xbMytEdul2.2/GCF_963676685.1_xbMytEdul2.2_genomic.gff.gz	2e4031cb2e926d7b0bf64fb558e3e1e7	257b7337856b15774d8474aa6a8a50b55f32fc7c3fd2effff1f99c9f30a99788	23298564	True	1
mytilus.galloprovincialis.tier3c	Mytilus galloprovincialis	29158	GCF_965363235.1	NCBI RefSeq	2025/07/02 00:00	https://ftp.ncbi.nlm.nih.gov/genomes/all/GCF/965/363/235/GCF_965363235.1_xbMytGall1.hap1.1/GCF_965363235.1_xbMytGall1.hap1.1_genomic.fna.gz	8282d35808798ef950df82b2a4273112	a7091bba4554feb73aa4bd0148c6afbcc1c48b911bc993e3e2128a8d8f3649e0	440204684	https://ftp.ncbi.nlm.nih.gov/genomes/all/GCF/965/363/235/GCF_965363235.1_xbMytGall1.hap1.1/GCF_965363235.1_xbMytGall1.hap1.1_genomic.gff.gz	fafb18dac39c0b1f8f3e603b735f4eee	315b3c13c2c9d60191699544aab6440ea57674f9d0e8e333684dad4a4f4bdc66	19667972	True	1
mytilus.trossulus.tier3c	Mytilus trossulus	6551	GCF_036588685.1	NCBI RefSeq	2024/02/13 00:00	https://ftp.ncbi.nlm.nih.gov/genomes/all/GCF/036/588/685/GCF_036588685.1_PNRI_Mtr1.1.1.hap1/GCF_036588685.1_PNRI_Mtr1.1.1.hap1_genomic.fna.gz	9982a092a77102e03ae5c3885bee94f6	692ea941f84bc5a0135e0e6dc3e65dc8cbbbcae1bf737ad7cf14c78456a491da	408214895	https://ftp.ncbi.nlm.nih.gov/genomes/all/GCF/036/588/685/GCF_036588685.1_PNRI_Mtr1.1.1.hap1/GCF_036588685.1_PNRI_Mtr1.1.1.hap1_genomic.gff.gz	9d2edc71bf94b51a6f42cde8a7a5eb6d	cefaa7126c7564c57ad7f109e85bc47a1fb7d9b6be505099ce9320e99494ab2e	17523888	True	1
nasonia.vitripennis.tier3c	Nasonia vitripennis	7425	GCF_009193385.2	NCBI RefSeq	2020/01/30 00:00	https://ftp.ncbi.nlm.nih.gov/genomes/all/GCF/009/193/385/GCF_009193385.2_Nvit_psr_1.1/GCF_009193385.2_Nvit_psr_1.1_genomic.fna.gz	c2b9d69e171ec948f8d97052dacb974e	c44cefbabfb8698861db9de52501974cca982a379fafb76f019b577cf58bc887	91900390	https://ftp.ncbi.nlm.nih.gov/genomes/all/GCF/009/193/385/GCF_009193385.2_Nvit_psr_1.1/GCF_009193385.2_Nvit_psr_1.1_genomic.gff.gz	ca458483fe82cfe462d4f8fe4d9fd106	3451318510427768e31a039e5866ed0a40aa36f9fbca8541250cb7b1c1651848	10418723	True	1
nycticebus.coucang.tier3c	Nycticebus coucang	9470	GCF_027406575.1	NCBI RefSeq	2022/12/28 00:00	https://ftp.ncbi.nlm.nih.gov/genomes/all/GCF/027/406/575/GCF_027406575.1_mNycCou1.pri/GCF_027406575.1_mNycCou1.pri_genomic.fna.gz	bf2400d79f5eab406e24f48fd8bd6887	f402c7b44af19bb44bf98eb2da60174ac7d06bff2dfde702f5b0191f5cf39e90	968351633	https://ftp.ncbi.nlm.nih.gov/genomes/all/GCF/027/406/575/GCF_027406575.1_mNycCou1.pri/GCF_027406575.1_mNycCou1.pri_genomic.gff.gz	7e839503ef243b8c829a32adb1876e5f	8e8225fe8140346812a32e710c9947522f9cafe1a59e9780b90d58069f739287	22419339	True	1
oncorhynchus.tshawytscha.tier3c	Oncorhynchus tshawytscha	74940	GCF_018296145.1	NCBI RefSeq	2021/05/07 00:00	https://ftp.ncbi.nlm.nih.gov/genomes/all/GCF/018/296/145/GCF_018296145.1_Otsh_v2.0/GCF_018296145.1_Otsh_v2.0_genomic.fna.gz	1ba7aefa1c04a01737997c4d7fa48961	c0c889ae8f519d09280afb3fcc637d89d0d19264bd4895c967b0eda7b2ca6191	677259936	https://ftp.ncbi.nlm.nih.gov/genomes/all/GCF/018/296/145/GCF_018296145.1_Otsh_v2.0/GCF_018296145.1_Otsh_v2.0_genomic.gff.gz	96c7a8a30bd7b556a1c8d7a8d6df0f14	d82ba55225dd45e142e63c1ce5d86f13b4c7209e448076ed46449861382e53f2	35805951	True	1
ophioderma.longicauda.tier3c	Ophioderma longicauda	72727	GCA_965120465.1	NCBI GenBank	2025/02/11 00:00	https://ftp.ncbi.nlm.nih.gov/genomes/all/GCA/965/120/465/GCA_965120465.1_eoOphLong1.1/GCA_965120465.1_eoOphLong1.1_genomic.fna.gz	427e7e362aa583b5d870b4e16fb3a308	8c774bd75ee4d6cf5e6e8eb6097b98238a9bac0e962d765912a6728de6a1667d	1040710737					False	
oryctolagus.cuniculus.tier3c	Oryctolagus cuniculus	9986	GCF_964237555.1	NCBI RefSeq	2024/09/01 00:00	https://ftp.ncbi.nlm.nih.gov/genomes/all/GCF/964/237/555/GCF_964237555.1_mOryCun1.1/GCF_964237555.1_mOryCun1.1_genomic.fna.gz	1dc8882ec7bd641f536740a20c0008b7	1c51e8b14a50439c08a483d32336abf961981dd431b7c316277953d1c689d90d	915490346	https://ftp.ncbi.nlm.nih.gov/genomes/all/GCF/964/237/555/GCF_964237555.1_mOryCun1.1/GCF_964237555.1_mOryCun1.1_genomic.gff.gz	70a633d295380712b514711b9de4c093	8ee1bdd7256a4aa410ef90e9df53c1feca05148be0f677b262796fa7a04fb5f8	32773662	True	1
oryzias.latipes.tier3c	Oryzias latipes	8090	GCF_053564925.1	NCBI RefSeq	2025/11/19 00:00	https://ftp.ncbi.nlm.nih.gov/genomes/all/GCF/053/564/925/GCF_053564925.1_Olatipes_Hd-rR_3.1/GCF_053564925.1_Olatipes_Hd-rR_3.1_genomic.fna.gz	b6d7cf3a22c7f7c7b86303da40af362b	796a88cccc7f50224b2f8d9c88e6537d4a0fd7de120e0d5654ec3f54193e0c7a	275794657	https://ftp.ncbi.nlm.nih.gov/genomes/all/GCF/053/564/925/GCF_053564925.1_Olatipes_Hd-rR_3.1/GCF_053564925.1_Olatipes_Hd-rR_3.1_genomic.gff.gz	439a6f6ef26094f27143f5ffd898d55b	07ce222a304c53c0b7eaef8cb018a76dfe4c3bf88223156f974d158467377da9	30269975	True	1
ostrea.edulis.tier3c	Ostrea edulis	37623	GCF_947568905.1	NCBI RefSeq	2022/12/19 00:00	https://ftp.ncbi.nlm.nih.gov/genomes/all/GCF/947/568/905/GCF_947568905.1_xbOstEdul1.1/GCF_947568905.1_xbOstEdul1.1_genomic.fna.gz	09c9cb442737e7969bbb02762adfa909	7ac519e288fad4670274b9a5c941c007646551222f671add9de8f008d8121895	286848563	https://ftp.ncbi.nlm.nih.gov/genomes/all/GCF/947/568/905/GCF_947568905.1_xbOstEdul1.1/GCF_947568905.1_xbOstEdul1.1_genomic.gff.gz	a93b7116b982e9aee1d055c863aaabab	feda2540883bb3c23e1500600e4acc5ef20d0f453ee97fb6daf559d144d38dfa	21335296	True	1
ovis.canadensis.tier3c	Ovis canadensis	37174	GCF_042477335.2	NCBI RefSeq	2024/11/19 00:00	https://ftp.ncbi.nlm.nih.gov/genomes/all/GCF/042/477/335/GCF_042477335.2_ARS-UI_OviCan_v2/GCF_042477335.2_ARS-UI_OviCan_v2_genomic.fna.gz	b00695956d821ce65e7476586202be00	ae4818ca4ff081c4128766964f25d51b115228af6446a8f55af0442a848b25b3	914761378	https://ftp.ncbi.nlm.nih.gov/genomes/all/GCF/042/477/335/GCF_042477335.2_ARS-UI_OviCan_v2/GCF_042477335.2_ARS-UI_OviCan_v2_genomic.gff.gz	597e276943c27b1d5d6f18c7f77c0727	74e50ee85180940da0711874df7c859ef1313d10296bc820820d102ac13a3faa	25751729	True	1
pan.paniscus.tier3c	Pan paniscus	9597	GCF_029289425.2	NCBI RefSeq	2024/08/15 00:00	https://ftp.ncbi.nlm.nih.gov/genomes/all/GCF/029/289/425/GCF_029289425.2_NHGRI_mPanPan1-v2.1_pri/GCF_029289425.2_NHGRI_mPanPan1-v2.1_pri_genomic.fna.gz	e8fa0e9f898b80f6c6f7c717bc6d585c	81b3717426822205ff544574b34a1cf0d2e6387924bcd451c107913334ef5f68	1004328480	https://ftp.ncbi.nlm.nih.gov/genomes/all/GCF/029/289/425/GCF_029289425.2_NHGRI_mPanPan1-v2.1_pri/GCF_029289425.2_NHGRI_mPanPan1-v2.1_pri_genomic.gff.gz	859601f8b2c47d595cc33f64b4ae930c	c60ae50f1e2104ffe237bf0ddf8535fc19e9592e33b5223ec2321be400b9f165	32886420	True	1
pan.troglodytes.tier3c	Pan troglodytes	9598	GCF_028858775.2	NCBI RefSeq	2024/12/09 00:00	https://ftp.ncbi.nlm.nih.gov/genomes/all/GCF/028/858/775/GCF_028858775.2_NHGRI_mPanTro3-v2.1_pri/GCF_028858775.2_NHGRI_mPanTro3-v2.1_pri_genomic.fna.gz	309855cb131a385205b11ffd49a1f589	95067ab5e31bdfd7dc4e3205023c87bdec0eae8887c6e1bdfe363d3bb0040156	994021560	https://ftp.ncbi.nlm.nih.gov/genomes/all/GCF/028/858/775/GCF_028858775.2_NHGRI_mPanTro3-v2.1_pri/GCF_028858775.2_NHGRI_mPanTro3-v2.1_pri_genomic.gff.gz	7befd090db7fb1ecd7209f58dedee68b	57b49b198d00c579dd7accb057e010fd267d7aa0ba791b3b6b6715c1331be655	46738624	True	1
papilio.dardanus.tier3c	Papilio dardanus	83487	GCA_013186455.1	NCBI GenBank	2020/05/28 00:00	https://ftp.ncbi.nlm.nih.gov/genomes/all/GCA/013/186/455/GCA_013186455.1_ASM1318645v1/GCA_013186455.1_ASM1318645v1_genomic.fna.gz	9633ff64be7b0b66aac50e523c588cfd	11f328f8d3296d147a14e7ca015fdc01393531659ad4a1d83a607415949182bb	76432409					False	
papio.anubis.tier3c	Papio anubis	9555	GCF_008728515.1	NCBI RefSeq	2019/10/03 00:00	https://ftp.ncbi.nlm.nih.gov/genomes/all/GCF/008/728/515/GCF_008728515.1_Panubis1.0/GCF_008728515.1_Panubis1.0_genomic.fna.gz	afb57289bfa9d1afb4ad5262d65aef82	9594fded63b78c9c0391f05dd37df305f5c538b0eab6816d198dab7873785f45	954288404	https://ftp.ncbi.nlm.nih.gov/genomes/all/GCF/008/728/515/GCF_008728515.1_Panubis1.0/GCF_008728515.1_Panubis1.0_genomic.gff.gz	a46908614a5fce6546575119db5bfd81	7f85447c0a954a47a088025da6a4b291fba76eba34ff3a1979156d7308dd4546	31239761	True	1
parus.caeruleus.tier3c	Parus caeruleus	156563	GCF_002901205.1	NCBI RefSeq	2018/01/26 00:00	https://ftp.ncbi.nlm.nih.gov/genomes/all/GCF/002/901/205/GCF_002901205.1_cyaCae2/GCF_002901205.1_cyaCae2_genomic.fna.gz	f5eaf8b0767c9a7cda1082f93c8ae03a	27d0342de512b3e611eb6fd7ddee5200d73385ac88df2918a96768d261c3b812	364363636	https://ftp.ncbi.nlm.nih.gov/genomes/all/GCF/002/901/205/GCF_002901205.1_cyaCae2/GCF_002901205.1_cyaCae2_genomic.gff.gz	a633ae814c732264cd0c10192b6dd8a5	4de54f0009fa47f6529c7c9c4632a22cb471e7a189200d7c6e73fa48dc7df1ae	14173234	True	1
peromyscus.maniculatus.tier3c	Peromyscus maniculatus	230844	GCF_049852395.1	NCBI RefSeq	2025/04/22 00:00	https://ftp.ncbi.nlm.nih.gov/genomes/all/GCF/049/852/395/GCF_049852395.1_HU_Pman_BW_mat_3.1/GCF_049852395.1_HU_Pman_BW_mat_3.1_genomic.fna.gz	ac58af98e32fad2ce98b518d063fa8a6	12720cf07e0488faaae64f5a0e774c53b151e84c2baf52a95d71bf3a3c58156c	847958472	https://ftp.ncbi.nlm.nih.gov/genomes/all/GCF/049/852/395/GCF_049852395.1_HU_Pman_BW_mat_3.1/GCF_049852395.1_HU_Pman_BW_mat_3.1_genomic.gff.gz	c9879ba7f55ad0eb5c595d81a489299e	1b34752e2c4f66177c4faa9d1d25ddf9bbb3f213b6adccfc43ea82f64f907dfc	29796160	True	1
pheidole.pallidula.tier3c	Pheidole pallidula	190770	GCA_048543635.1	NCBI GenBank	2025/03/11 00:00	https://ftp.ncbi.nlm.nih.gov/genomes/all/GCA/048/543/635/GCA_048543635.1_ASM4854363v1/GCA_048543635.1_ASM4854363v1_genomic.fna.gz	0c52e5ee9415640c5dfecbf8ebd665f8	218dcd9e079108ea450f671e957a9f92ce40765afd5a4370129be24f9751341a	100884222					False	
physa.acuta.tier3c	Physa acuta	109671	GCF_028476545.2	NCBI RefSeq	2024/09/12 00:00	https://ftp.ncbi.nlm.nih.gov/genomes/all/GCF/028/476/545/GCF_028476545.2_ASM2847654v3/GCF_028476545.2_ASM2847654v3_genomic.fna.gz	21b6a62493d47d24af241680f9932a76	a84ea4de6378858802d8d6b6d06803283a42f55094bd93f875b9527d17059a2d	211020978	https://ftp.ncbi.nlm.nih.gov/genomes/all/GCF/028/476/545/GCF_028476545.2_ASM2847654v3/GCF_028476545.2_ASM2847654v3_genomic.gff.gz	4c2fc2cbec6ded72863e80528ace14c9	0e31efa4a91ce7086aeb1e9cc1e2d2f28fee1e15860bed28364a20b4cb1fca94	14885289	True	1
pieris.rapae.tier3c	Pieris rapae	64459	GCF_905147795.1	NCBI RefSeq	2021/02/17 00:00	https://ftp.ncbi.nlm.nih.gov/genomes/all/GCF/905/147/795/GCF_905147795.1_ilPieRapa1.1/GCF_905147795.1_ilPieRapa1.1_genomic.fna.gz	232be6751688e185a8dfeab3839c8834	9b6c22b9181606d42d1968c63ba7a10692f261308e7798cfa69e0e09c6d923d7	87661459	https://ftp.ncbi.nlm.nih.gov/genomes/all/GCF/905/147/795/GCF_905147795.1_ilPieRapa1.1/GCF_905147795.1_ilPieRapa1.1_genomic.gff.gz	ae068bdbaf83d38c2fd6f9e5ec0cbb6d	79d8744fb285f385ecfa292d804fbace644c9c04bc72de662cd5cca429dcb5b9	7327345	True	1
propithecus.coquereli.tier3c	Propithecus coquereli	379532	GCF_000956105.1	NCBI RefSeq	2015/03/23 00:00	https://ftp.ncbi.nlm.nih.gov/genomes/all/GCF/000/956/105/GCF_000956105.1_Pcoq_1.0/GCF_000956105.1_Pcoq_1.0_genomic.fna.gz	a20d87308eadd14bdc9e437aaf7076b4	11622ebe4972487d76f2f2156e6e621954e305888ace84dcf05e3d75858eb57b	720692184	https://ftp.ncbi.nlm.nih.gov/genomes/all/GCF/000/956/105/GCF_000956105.1_Pcoq_1.0/GCF_000956105.1_Pcoq_1.0_genomic.gff.gz	bdbaf660b95b76d1ba991afbf01a0967	3ab0e9d35d3626a8da9ad25a7b91c18c39cf424f2e60f6005f51128824b9a2bd	11323679	True	1
reticulitermes.flavipes.tier3c	Reticulitermes flavipes	36989	GCA_053541975.1	NCBI GenBank	2025/11/18 00:00	https://ftp.ncbi.nlm.nih.gov/genomes/all/GCA/053/541/975/GCA_053541975.1_ASM5354197v1/GCA_053541975.1_ASM5354197v1_genomic.fna.gz	463a857122a8cffab705fa9a294b21e6	bd283181dac1d4e2c3305fd4bf4a8538d6762530479d45dcead6ba2312eb37d1	287862451					False	
reticulitermes.grassei.tier3c	Reticulitermes grassei	155721	GCA_977993505.1	NCBI GenBank	2026/02/04 00:00	https://ftp.ncbi.nlm.nih.gov/genomes/all/GCA/977/993/505/GCA_977993505.1_Rgra_1.0/GCA_977993505.1_Rgra_1.0_genomic.fna.gz	d7bc474fd62f2bb469e5d4aada72f166	b75d0376987a8f5f62ee0b7fd56a37627e7640fae7e01f8dafaa3809c680b6d3	306027752					False	
reticulitermes.lucifugus.tier3c	Reticulitermes lucifugus	127386	GCA_026260175.1	NCBI GenBank	2022/11/21 00:00	https://ftp.ncbi.nlm.nih.gov/genomes/all/GCA/026/260/175/GCA_026260175.1_UNIBO_RLUCI_2021/GCA_026260175.1_UNIBO_RLUCI_2021_genomic.fna.gz	8109519dd8a371e161e3cccb9c91b561	0c705982c669614f5a51dccab452034d36d81c4d7efc06398b3c43c3b06534c4	274821608					False	
sepia.officinalis.tier3c	Sepia officinalis	6610	GCA_964300435.1	NCBI GenBank	2024/10/29 00:00	https://ftp.ncbi.nlm.nih.gov/genomes/all/GCA/964/300/435/GCA_964300435.1_xcSepOffi3.1/GCA_964300435.1_xcSepOffi3.1_genomic.fna.gz	2c0fdf85f01b931d63b0c8bbd2f875a7	16eba0b60dcff9ecc53d2b9ad4d67505bdd6ec84ab557e7af9965faa4b58e721	1724281246					False	
sistrurus.catenatus.tier3c	Sistrurus catenatus	8756	GCA_039880765.1	NCBI GenBank	2024/05/29 00:00	https://ftp.ncbi.nlm.nih.gov/genomes/all/GCA/039/880/765/GCA_039880765.1_rSisCat1_p1.0/GCA_039880765.1_rSisCat1_p1.0_genomic.fna.gz	f5be1db6b229e183981c1e685fe2d35d	872db44944db8cf5be5685fbc54e41a023b7a4ccdbb182ccea3338ddf4fc3e27	512467107					False	
spermophilus.parryii.tier3c	Spermophilus parryii	9999	GCF_045843805.1	NCBI RefSeq	2024/12/13 00:00	https://ftp.ncbi.nlm.nih.gov/genomes/all/GCF/045/843/805/GCF_045843805.1_mUroPar1.hap1/GCF_045843805.1_mUroPar1.hap1_genomic.fna.gz	47947c71ea5efa2b02f0c062b2605545	b537229cf0eb2568241809fc20bfb99d9fde2bf9dace3cfb03140a7745c631f9	940089358	https://ftp.ncbi.nlm.nih.gov/genomes/all/GCF/045/843/805/GCF_045843805.1_mUroPar1.hap1/GCF_045843805.1_mUroPar1.hap1_genomic.gff.gz	af5961cf25e7facb5a6b2f27fe789d56	33f5654e817e49dbee8c2fb8467063699a05858dffb027482f966e9f84e6cca9	17149248	True	1
strongylocentrotus.droebachiensis.tier3c	Strongylocentrotus droebachiensis	7671	GCA_035222895.1	NCBI GenBank	2024/01/08 00:00	https://ftp.ncbi.nlm.nih.gov/genomes/all/GCA/035/222/895/GCA_035222895.1_eeStrDroe1_p1.0/GCA_035222895.1_eeStrDroe1_p1.0_genomic.fna.gz	b5c222f65282a810c104c37283218bc2	a0ef2e8c7d15c74f0ef242bfc9fc1b1976a4d9a38869e9a0b386428570548575	797072355					False	
strongylocentrotus.pallidus.tier3c	Strongylocentrotus pallidus	7670	GCA_030265145.1	NCBI GenBank	2023/06/13 00:00	https://ftp.ncbi.nlm.nih.gov/genomes/all/GCA/030/265/145/GCA_030265145.1_ASM3026514v1/GCA_030265145.1_ASM3026514v1_genomic.fna.gz	f641734ed4ae22d972e9b1c687aadb12	a05b3a0aab21de4587f779a21fe8a2cfbe73cee01de4582e65615f59ecbb7f66	320795654					False	
strongylocentrotus.purpuratus.tier3c	Strongylocentrotus purpuratus	7668	GCF_000002235.5	NCBI RefSeq	2019/09/06 00:00	https://ftp.ncbi.nlm.nih.gov/genomes/all/GCF/000/002/235/GCF_000002235.5_Spur_5.0/GCF_000002235.5_Spur_5.0_genomic.fna.gz	44582891e22cceb1609da418085ac154	ec2030c043d87f5350968bab6e469c8cb3d1573013136871485ccba484444a80	296122738	https://ftp.ncbi.nlm.nih.gov/genomes/all/GCF/000/002/235/GCF_000002235.5_Spur_5.0/GCF_000002235.5_Spur_5.0_genomic.gff.gz	9c5ebcdb7ba3367f6cf60e2494074720	008919fe95f59a188c6704b49b3ef6775709cfdf6889355ca717c73c1ee832fb	14831655	True	1
sus.scrofa.tier3c	Sus scrofa	9823	GCF_054392235.1	NCBI RefSeq	2026/01/28 00:00	https://ftp.ncbi.nlm.nih.gov/genomes/all/GCF/054/392/235/GCF_054392235.1_Sscrofa_HxYL_maternal_Yorkshire_Landrace_v2.0/GCF_054392235.1_Sscrofa_HxYL_maternal_Yorkshire_Landrace_v2.0_genomic.fna.gz	56b9f3d9c185e35e2410611e424ec6eb	4e510d52ac0f21b917d32d64449f4334bee69e27dda4ea760c2adce0a12db517	844969157	https://ftp.ncbi.nlm.nih.gov/genomes/all/GCF/054/392/235/GCF_054392235.1_Sscrofa_HxYL_maternal_Yorkshire_Landrace_v2.0/GCF_054392235.1_Sscrofa_HxYL_maternal_Yorkshire_Landrace_v2.0_genomic.gff.gz	284c367c2fd949bf53cb644c091091e2	cdfda977c8cf4a42652552d8954cb54bd3d5c8838df6dbadc9ced82199edc348	61334802	True	1
symphalangus.syndactylus.tier3c	Symphalangus syndactylus	9590	GCF_028878055.3	NCBI RefSeq	2024/06/20 00:00	https://ftp.ncbi.nlm.nih.gov/genomes/all/GCF/028/878/055/GCF_028878055.3_NHGRI_mSymSyn1-v2.1_pri/GCF_028878055.3_NHGRI_mSymSyn1-v2.1_pri_genomic.fna.gz	141b2f7a490575e6029e4e4c0da957bd	ed83e28899c8c47b46c3ad76315968fda1851c125e00562b88ca37458e468bd6	985215986	https://ftp.ncbi.nlm.nih.gov/genomes/all/GCF/028/878/055/GCF_028878055.3_NHGRI_mSymSyn1-v2.1_pri/GCF_028878055.3_NHGRI_mSymSyn1-v2.1_pri_genomic.gff.gz	b171a5eb5b08971cd6feb68da84bdd93	f530868cd8b7e2f24b8a7093ff6d3ea1688c081b4c282b93f6c115a2c76583f9	33988831	True	1
taeniopygia.guttata.tier3c	Taeniopygia guttata	59729	GCF_048771995.1	NCBI RefSeq	2025/03/21 00:00	https://ftp.ncbi.nlm.nih.gov/genomes/all/GCF/048/771/995/GCF_048771995.1_bTaeGut7.mat/GCF_048771995.1_bTaeGut7.mat_genomic.fna.gz	a6ae24df68841467f9fc8e6959ab854b	878b46b02cd4d38161ba54e91a659620443f90867005fad41bf40ee94053c1b7	363773262	https://ftp.ncbi.nlm.nih.gov/genomes/all/GCF/048/771/995/GCF_048771995.1_bTaeGut7.mat/GCF_048771995.1_bTaeGut7.mat_genomic.gff.gz	60e4c1d32ab1d884db5aac1004b6312a	9d6aff3b306e9e4bd239084bce6e3c9b3f15a11c9e0f28be50e6fbeb88d13267	21067625	True	1
takifugu.rubripes.tier3c	Takifugu rubripes	31033	GCF_901000725.3	NCBI RefSeq	2021/05/03 00:00	https://ftp.ncbi.nlm.nih.gov/genomes/all/GCF/901/000/725/GCF_901000725.3_fTakRub1.3/GCF_901000725.3_fTakRub1.3_genomic.fna.gz	01c475df5347fa1beb4e761e5e6d182a	be2f66d3ad825672a9627e03dbfb6885b5b5a2b3cf1183e36d75aa199b09ec38	122443601	https://ftp.ncbi.nlm.nih.gov/genomes/all/GCF/901/000/725/GCF_901000725.3_fTakRub1.3/GCF_901000725.3_fTakRub1.3_genomic.gff.gz	ddb5cf065793fb7e4d94bf4d43077b33	d29cc44593f6f51a5fd28ece95731d8e7722fbe9778778a483619794b0ee9440	20438872	True	1
thymelicus.lineola.tier3c	Thymelicus lineola	218773	GCA_963932265.1	NCBI GenBank	2024/02/07 00:00	https://ftp.ncbi.nlm.nih.gov/genomes/all/GCA/963/932/265/GCA_963932265.1_ilThyLine1.1/GCA_963932265.1_ilThyLine1.1_genomic.fna.gz	b9e573f9ef6bfb2f0294177d8a277baf	ea0a4c5ee9309ea201ffcbcaa39df83024a5d44b27e8b082e7ed63ac9885689f	171977758					False	
thymelicus.sylvestris.tier3c	Thymelicus sylvestris	272628	GCA_911387775.1	NCBI GenBank	2021/07/25 00:00	https://ftp.ncbi.nlm.nih.gov/genomes/all/GCA/911/387/775/GCA_911387775.1_ilThySylv1.1/GCA_911387775.1_ilThySylv1.1_genomic.fna.gz	41fdeb13ec03d8bd713da598c1df1e60	41f22db55d4c7157e6d06936de44fbd2ce9ba5f3707a040fcae043b014f0df3e	158070708					False	
trachemys.scripta.tier3c	Trachemys scripta	31138	GCF_013100865.1	NCBI RefSeq	2020/05/15 00:00	https://ftp.ncbi.nlm.nih.gov/genomes/all/GCF/013/100/865/GCF_013100865.1_CAS_Tse_1.0/GCF_013100865.1_CAS_Tse_1.0_genomic.fna.gz	d83fe94aa3598faffd2e7f9a655a21fe	964ba266df2a641d455b5a151244da8eb99df825add137dbce6619b29f38cc62	695979671	https://ftp.ncbi.nlm.nih.gov/genomes/all/GCF/013/100/865/GCF_013100865.1_CAS_Tse_1.0/GCF_013100865.1_CAS_Tse_1.0_genomic.gff.gz	8205f16260eedddab15f2043321e251c	3e77b62dbddd319b2ec94558238a27290525a8e366c294cf732919b8cca462ab	16971456	True	1
tupaia.belangeri.tier3c	Tupaia belangeri	246437	GCF_000334495.1	NCBI RefSeq	2013/01/31 00:00	https://ftp.ncbi.nlm.nih.gov/genomes/all/GCF/000/334/495/GCF_000334495.1_TupChi_1.0/GCF_000334495.1_TupChi_1.0_genomic.fna.gz	959642561c63c440ed937697150680ec	5bd5085d0fe51ffe61e6463bafd3dcc814a8567cbd4131a7720bfbafa4aa7423	889463853	https://ftp.ncbi.nlm.nih.gov/genomes/all/GCF/000/334/495/GCF_000334495.1_TupChi_1.0/GCF_000334495.1_TupChi_1.0_genomic.gff.gz	1344203a6a50f6cfa87a532a2c6df33c	411e15f28cad2fc4d0d2d63d2fd6140abac8d0dcc99277ba0563b0211c61affa	20006812	True	1
zonotrichia.albicollis.tier3c	Zonotrichia albicollis	44394	GCF_047830755.1	NCBI RefSeq	2025/02/18 00:00	https://ftp.ncbi.nlm.nih.gov/genomes/all/GCF/047/830/755/GCF_047830755.1_bZonAlb1.hap1/GCF_047830755.1_bZonAlb1.hap1_genomic.fna.gz	4336c9d2c9d12f6c64d00475a5c57b34	71316b6700b7de959a8b0ebf97649a517e7deb44ee6a325b0a657c50b5fbedba	398484971	https://ftp.ncbi.nlm.nih.gov/genomes/all/GCF/047/830/755/GCF_047830755.1_bZonAlb1.hap1/GCF_047830755.1_bZonAlb1.hap1_genomic.gff.gz	fe924b5fa7296c4c9c082917695876e8	bf80ce4214e48ebc8e66759e72dbfdd92d9ec3882ad2b202844e648ad6235949	19569175	True	1
